landmark,mean_l2,median_l2,std_l2,p90_l2,study_name,task_name,run_name,checkpoint_step,embedding_key,pooling,embedding_dim,ssl_method,init_mode,best_epoch,best_val_mean_l2,model_family,model_arch,patch_size,pretrain_data,feature_kind,objective,init,scale,task_family,paper_scope
iris_centroid,5.945619106292725,5.577803611755371,3.4971110820770264,9.827802658081056,followup_50k_landmark_probe,celeb_to_cfd,geometry-fixedcompute-10k-infonce-random-50ksteps,50000,backbone,g4,32768,infonce,random,214,6.4368305154185474,,,,,,infonce,random,10k,transfer,True
iris_inferior,7.543458461761475,7.5193376541137695,3.9783108234405518,11.87127685546875,followup_50k_landmark_probe,celeb_to_cfd,geometry-fixedcompute-10k-infonce-random-50ksteps,50000,backbone,g4,32768,infonce,random,214,6.4368305154185474,,,,,,infonce,random,10k,transfer,True
iris_superior,5.2078962326049805,4.593741416931152,3.1341218948364262,9.171219825744627,followup_50k_landmark_probe,celeb_to_cfd,geometry-fixedcompute-10k-infonce-random-50ksteps,50000,backbone,g4,32768,infonce,random,214,6.4368305154185474,,,,,,infonce,random,10k,transfer,True
lateral_canthus,6.314554214477539,5.530921936035156,3.8764939308166495,12.04568862915039,followup_50k_landmark_probe,celeb_to_cfd,geometry-fixedcompute-10k-infonce-random-50ksteps,50000,backbone,g4,32768,infonce,random,214,6.4368305154185474,,,,,,infonce,random,10k,transfer,True
lid_inferior,5.2579345703125,4.6570539474487305,3.1851322650909424,9.38943576812744,followup_50k_landmark_probe,celeb_to_cfd,geometry-fixedcompute-10k-infonce-random-50ksteps,50000,backbone,g4,32768,infonce,random,214,6.4368305154185474,,,,,,infonce,random,10k,transfer,True
lid_superior,5.597550392150879,4.766042709350586,3.4345853328704834,9.531280517578123,followup_50k_landmark_probe,celeb_to_cfd,geometry-fixedcompute-10k-infonce-random-50ksteps,50000,backbone,g4,32768,infonce,random,214,6.4368305154185474,,,,,,infonce,random,10k,transfer,True
medial_canthus,7.418212890625,7.00482988357544,3.933085680007935,12.859007835388185,followup_50k_landmark_probe,celeb_to_cfd,geometry-fixedcompute-10k-infonce-random-50ksteps,50000,backbone,g4,32768,infonce,random,214,6.4368305154185474,,,,,,infonce,random,10k,transfer,True
sclera_inferior,5.314452171325684,4.354901313781738,3.2865314483642583,9.43449878692627,followup_50k_landmark_probe,celeb_to_cfd,geometry-fixedcompute-10k-infonce-random-50ksteps,50000,backbone,g4,32768,infonce,random,214,6.4368305154185474,,,,,,infonce,random,10k,transfer,True
sclera_superior,5.253728866577148,4.448737144470215,3.2736937999725337,9.739666938781738,followup_50k_landmark_probe,celeb_to_cfd,geometry-fixedcompute-10k-infonce-random-50ksteps,50000,backbone,g4,32768,infonce,random,214,6.4368305154185474,,,,,,infonce,random,10k,transfer,True
iris_centroid,5.336201190948486,4.782761573791504,2.393004894256592,8.830188751220703,followup_50k_landmark_probe,celeb_to_cfd,geometry-fixedcompute-100k-infonce-random-50ksteps,50000,backbone,g4,32768,infonce,random,173,6.055478450379086,,,,,,infonce,random,100k,transfer,True
iris_inferior,6.771055698394775,6.328490257263184,3.173060894012451,11.519543647766113,followup_50k_landmark_probe,celeb_to_cfd,geometry-fixedcompute-100k-infonce-random-50ksteps,50000,backbone,g4,32768,infonce,random,173,6.055478450379086,,,,,,infonce,random,100k,transfer,True
iris_superior,4.287541389465332,3.95157241821289,2.40599012374878,7.700026035308838,followup_50k_landmark_probe,celeb_to_cfd,geometry-fixedcompute-100k-infonce-random-50ksteps,50000,backbone,g4,32768,infonce,random,173,6.055478450379086,,,,,,infonce,random,100k,transfer,True
lateral_canthus,5.341577529907227,4.720836639404297,3.0627019405364986,9.153247833251953,followup_50k_landmark_probe,celeb_to_cfd,geometry-fixedcompute-100k-infonce-random-50ksteps,50000,backbone,g4,32768,infonce,random,173,6.055478450379086,,,,,,infonce,random,100k,transfer,True
lid_inferior,3.974155426025391,3.7747890949249268,1.979517102241516,6.925969123840332,followup_50k_landmark_probe,celeb_to_cfd,geometry-fixedcompute-100k-infonce-random-50ksteps,50000,backbone,g4,32768,infonce,random,173,6.055478450379086,,,,,,infonce,random,100k,transfer,True
lid_superior,4.083380699157715,3.6152734756469727,2.5894153118133545,6.844181537628174,followup_50k_landmark_probe,celeb_to_cfd,geometry-fixedcompute-100k-infonce-random-50ksteps,50000,backbone,g4,32768,infonce,random,173,6.055478450379086,,,,,,infonce,random,100k,transfer,True
medial_canthus,6.5524163246154785,6.396217346191406,2.907749652862549,10.797775268554688,followup_50k_landmark_probe,celeb_to_cfd,geometry-fixedcompute-100k-infonce-random-50ksteps,50000,backbone,g4,32768,infonce,random,173,6.055478450379086,,,,,,infonce,random,100k,transfer,True
sclera_inferior,3.9338195323944087,3.7328035831451416,2.1283679008483887,7.161663055419923,followup_50k_landmark_probe,celeb_to_cfd,geometry-fixedcompute-100k-infonce-random-50ksteps,50000,backbone,g4,32768,infonce,random,173,6.055478450379086,,,,,,infonce,random,100k,transfer,True
sclera_superior,3.9991648197174072,3.8178305625915527,2.032346487045288,6.992502689361572,followup_50k_landmark_probe,celeb_to_cfd,geometry-fixedcompute-100k-infonce-random-50ksteps,50000,backbone,g4,32768,infonce,random,173,6.055478450379086,,,,,,infonce,random,100k,transfer,True
iris_centroid,9.270540237426758,9.213210105895996,3.176682472229004,13.208672523498535,followup_50k_landmark_probe,celeb_to_cfd,geometry-fixedcompute-1m-infonce-random-50ksteps,50000,backbone,g4,32768,infonce,random,201,5.611509695730574,,,,,,infonce,random,1m,transfer,True
iris_inferior,9.244447708129883,9.061149597167967,3.312903642654419,13.479451179504395,followup_50k_landmark_probe,celeb_to_cfd,geometry-fixedcompute-1m-infonce-random-50ksteps,50000,backbone,g4,32768,infonce,random,201,5.611509695730574,,,,,,infonce,random,1m,transfer,True
iris_superior,9.323070526123047,9.38833999633789,3.161981105804444,13.209867477416992,followup_50k_landmark_probe,celeb_to_cfd,geometry-fixedcompute-1m-infonce-random-50ksteps,50000,backbone,g4,32768,infonce,random,201,5.611509695730574,,,,,,infonce,random,1m,transfer,True
lateral_canthus,10.797240257263184,10.241109848022461,4.679553508758545,16.68290138244629,followup_50k_landmark_probe,celeb_to_cfd,geometry-fixedcompute-1m-infonce-random-50ksteps,50000,backbone,g4,32768,infonce,random,201,5.611509695730574,,,,,,infonce,random,1m,transfer,True
lid_inferior,10.268021583557127,10.413286209106444,3.357506275177002,14.443493843078613,followup_50k_landmark_probe,celeb_to_cfd,geometry-fixedcompute-1m-infonce-random-50ksteps,50000,backbone,g4,32768,infonce,random,201,5.611509695730574,,,,,,infonce,random,1m,transfer,True
lid_superior,10.77051830291748,10.73027801513672,3.3409907817840576,15.111837387084961,followup_50k_landmark_probe,celeb_to_cfd,geometry-fixedcompute-1m-infonce-random-50ksteps,50000,backbone,g4,32768,infonce,random,201,5.611509695730574,,,,,,infonce,random,1m,transfer,True
medial_canthus,11.282755851745605,10.808712005615234,5.240004539489746,17.763648986816406,followup_50k_landmark_probe,celeb_to_cfd,geometry-fixedcompute-1m-infonce-random-50ksteps,50000,backbone,g4,32768,infonce,random,201,5.611509695730574,,,,,,infonce,random,1m,transfer,True
sclera_inferior,12.544550895690918,12.485167503356935,3.654679298400879,16.809885025024414,followup_50k_landmark_probe,celeb_to_cfd,geometry-fixedcompute-1m-infonce-random-50ksteps,50000,backbone,g4,32768,infonce,random,201,5.611509695730574,,,,,,infonce,random,1m,transfer,True
sclera_superior,9.457080841064453,9.570252418518066,3.2765238285064697,13.546232223510742,followup_50k_landmark_probe,celeb_to_cfd,geometry-fixedcompute-1m-infonce-random-50ksteps,50000,backbone,g4,32768,infonce,random,201,5.611509695730574,,,,,,infonce,random,1m,transfer,True
iris_centroid,5.113349914550781,4.656959533691406,2.7286851406097408,8.346978187561035,followup_50k_landmark_probe,celeb_to_cfd,geometry-fixedcompute-10k-lejepa-random-50ksteps,50000,backbone,g4,32768,lejepa,random,354,6.179065467229957,,,,,,lejepa,random,10k,transfer,True
iris_inferior,6.337385654449463,5.827954292297362,3.1493549346923833,10.815799713134766,followup_50k_landmark_probe,celeb_to_cfd,geometry-fixedcompute-10k-lejepa-random-50ksteps,50000,backbone,g4,32768,lejepa,random,354,6.179065467229957,,,,,,lejepa,random,10k,transfer,True
iris_superior,4.277120113372804,3.793369770050049,2.690255641937256,7.528677463531494,followup_50k_landmark_probe,celeb_to_cfd,geometry-fixedcompute-10k-lejepa-random-50ksteps,50000,backbone,g4,32768,lejepa,random,354,6.179065467229957,,,,,,lejepa,random,10k,transfer,True
lateral_canthus,5.893925189971924,5.555290222167969,3.0930271148681636,9.644800186157227,followup_50k_landmark_probe,celeb_to_cfd,geometry-fixedcompute-10k-lejepa-random-50ksteps,50000,backbone,g4,32768,lejepa,random,354,6.179065467229957,,,,,,lejepa,random,10k,transfer,True
lid_inferior,4.042037487030028,3.665501356124878,2.4061110019683842,7.267467021942139,followup_50k_landmark_probe,celeb_to_cfd,geometry-fixedcompute-10k-lejepa-random-50ksteps,50000,backbone,g4,32768,lejepa,random,354,6.179065467229957,,,,,,lejepa,random,10k,transfer,True
lid_superior,4.852514266967773,4.385787963867188,3.223917245864868,9.220614433288574,followup_50k_landmark_probe,celeb_to_cfd,geometry-fixedcompute-10k-lejepa-random-50ksteps,50000,backbone,g4,32768,lejepa,random,354,6.179065467229957,,,,,,lejepa,random,10k,transfer,True
medial_canthus,6.273619651794434,6.075466632843018,3.368887186050415,10.286336898803713,followup_50k_landmark_probe,celeb_to_cfd,geometry-fixedcompute-10k-lejepa-random-50ksteps,50000,backbone,g4,32768,lejepa,random,354,6.179065467229957,,,,,,lejepa,random,10k,transfer,True
sclera_inferior,4.103133678436278,3.6556911468505864,2.3901069164276123,7.470786571502685,followup_50k_landmark_probe,celeb_to_cfd,geometry-fixedcompute-10k-lejepa-random-50ksteps,50000,backbone,g4,32768,lejepa,random,354,6.179065467229957,,,,,,lejepa,random,10k,transfer,True
sclera_superior,4.4395012855529785,4.246564865112306,2.541945457458496,7.859681606292725,followup_50k_landmark_probe,celeb_to_cfd,geometry-fixedcompute-10k-lejepa-random-50ksteps,50000,backbone,g4,32768,lejepa,random,354,6.179065467229957,,,,,,lejepa,random,10k,transfer,True
iris_centroid,4.280933856964111,3.8486227989196777,2.2937824726104736,7.481053829193115,followup_50k_landmark_probe,celeb_to_cfd,geometry-fixedcompute-100k-lejepa-random-50ksteps,50000,backbone,g4,32768,lejepa,random,298,6.175154662523114,,,,,,lejepa,random,100k,transfer,True
iris_inferior,5.959511280059815,5.790821075439452,2.9754302501678467,10.12468433380127,followup_50k_landmark_probe,celeb_to_cfd,geometry-fixedcompute-100k-lejepa-random-50ksteps,50000,backbone,g4,32768,lejepa,random,298,6.175154662523114,,,,,,lejepa,random,100k,transfer,True
iris_superior,3.731366634368897,3.1706318855285645,2.351952075958252,7.227233409881593,followup_50k_landmark_probe,celeb_to_cfd,geometry-fixedcompute-100k-lejepa-random-50ksteps,50000,backbone,g4,32768,lejepa,random,298,6.175154662523114,,,,,,lejepa,random,100k,transfer,True
lateral_canthus,4.743961811065674,4.276059150695802,2.62776517868042,8.471366882324219,followup_50k_landmark_probe,celeb_to_cfd,geometry-fixedcompute-100k-lejepa-random-50ksteps,50000,backbone,g4,32768,lejepa,random,298,6.175154662523114,,,,,,lejepa,random,100k,transfer,True
lid_inferior,3.813979148864746,3.5878353118896484,2.0662872791290283,6.183780193328857,followup_50k_landmark_probe,celeb_to_cfd,geometry-fixedcompute-100k-lejepa-random-50ksteps,50000,backbone,g4,32768,lejepa,random,298,6.175154662523114,,,,,,lejepa,random,100k,transfer,True
lid_superior,4.286578178405762,3.5284082889556885,2.759146213531494,7.810020923614503,followup_50k_landmark_probe,celeb_to_cfd,geometry-fixedcompute-100k-lejepa-random-50ksteps,50000,backbone,g4,32768,lejepa,random,298,6.175154662523114,,,,,,lejepa,random,100k,transfer,True
medial_canthus,7.1451988220214835,6.496357440948486,3.614384174346924,12.067516326904295,followup_50k_landmark_probe,celeb_to_cfd,geometry-fixedcompute-100k-lejepa-random-50ksteps,50000,backbone,g4,32768,lejepa,random,298,6.175154662523114,,,,,,lejepa,random,100k,transfer,True
sclera_inferior,3.955556631088257,3.4801268577575684,2.3905837535858154,7.1806745529174805,followup_50k_landmark_probe,celeb_to_cfd,geometry-fixedcompute-100k-lejepa-random-50ksteps,50000,backbone,g4,32768,lejepa,random,298,6.175154662523114,,,,,,lejepa,random,100k,transfer,True
sclera_superior,3.913793563842773,3.6038312911987305,2.135032415390014,6.7553534507751465,followup_50k_landmark_probe,celeb_to_cfd,geometry-fixedcompute-100k-lejepa-random-50ksteps,50000,backbone,g4,32768,lejepa,random,298,6.175154662523114,,,,,,lejepa,random,100k,transfer,True
iris_centroid,5.046523094177246,4.697083473205566,2.534989595413208,8.132466316223145,followup_50k_landmark_probe,celeb_to_cfd,geometry-fixedcompute-1m-lejepa-random-50ksteps,50000,backbone,g4,32768,lejepa,random,559,6.1921171125818475,,,,,,lejepa,random,1m,transfer,True
iris_inferior,5.863558292388916,5.562775611877441,2.8327016830444336,9.700651168823242,followup_50k_landmark_probe,celeb_to_cfd,geometry-fixedcompute-1m-lejepa-random-50ksteps,50000,backbone,g4,32768,lejepa,random,559,6.1921171125818475,,,,,,lejepa,random,1m,transfer,True
iris_superior,4.395289421081543,4.09900426864624,2.5736820697784424,7.588883876800537,followup_50k_landmark_probe,celeb_to_cfd,geometry-fixedcompute-1m-lejepa-random-50ksteps,50000,backbone,g4,32768,lejepa,random,559,6.1921171125818475,,,,,,lejepa,random,1m,transfer,True
lateral_canthus,6.461647987365723,6.365015506744385,3.3835694789886475,10.828213691711426,followup_50k_landmark_probe,celeb_to_cfd,geometry-fixedcompute-1m-lejepa-random-50ksteps,50000,backbone,g4,32768,lejepa,random,559,6.1921171125818475,,,,,,lejepa,random,1m,transfer,True
lid_inferior,4.34271764755249,4.3906641006469735,2.2819771766662598,6.939209938049316,followup_50k_landmark_probe,celeb_to_cfd,geometry-fixedcompute-1m-lejepa-random-50ksteps,50000,backbone,g4,32768,lejepa,random,559,6.1921171125818475,,,,,,lejepa,random,1m,transfer,True
lid_superior,4.560777187347412,4.293814182281493,2.88855242729187,7.8120970726013175,followup_50k_landmark_probe,celeb_to_cfd,geometry-fixedcompute-1m-lejepa-random-50ksteps,50000,backbone,g4,32768,lejepa,random,559,6.1921171125818475,,,,,,lejepa,random,1m,transfer,True
medial_canthus,6.869106769561768,6.331401824951173,3.5717570781707764,11.667475700378418,followup_50k_landmark_probe,celeb_to_cfd,geometry-fixedcompute-1m-lejepa-random-50ksteps,50000,backbone,g4,32768,lejepa,random,559,6.1921171125818475,,,,,,lejepa,random,1m,transfer,True
sclera_inferior,4.281504154205321,3.889316320419312,2.403820753097534,7.262803554534912,followup_50k_landmark_probe,celeb_to_cfd,geometry-fixedcompute-1m-lejepa-random-50ksteps,50000,backbone,g4,32768,lejepa,random,559,6.1921171125818475,,,,,,lejepa,random,1m,transfer,True
sclera_superior,4.658958911895752,4.476414680480957,2.3977930545806885,7.756264686584473,followup_50k_landmark_probe,celeb_to_cfd,geometry-fixedcompute-1m-lejepa-random-50ksteps,50000,backbone,g4,32768,lejepa,random,559,6.1921171125818475,,,,,,lejepa,random,1m,transfer,True
iris_centroid,10.547601699829102,10.384866714477539,4.3404974937438965,15.753589630126953,followup_50k_landmark_probe,celeb_to_cfd,geometry-fixedcompute-10k-vicreg-random-50ksteps,50000,backbone,g4,32768,vicreg,random,279,6.344824684122221,,,,,,vicreg,random,10k,transfer,True
iris_inferior,11.592529296875,11.10576057434082,5.031989574432373,18.32585906982422,followup_50k_landmark_probe,celeb_to_cfd,geometry-fixedcompute-10k-vicreg-random-50ksteps,50000,backbone,g4,32768,vicreg,random,279,6.344824684122221,,,,,,vicreg,random,10k,transfer,True
iris_superior,8.636967658996582,8.623872756958008,4.083575248718262,14.055649757385256,followup_50k_landmark_probe,celeb_to_cfd,geometry-fixedcompute-10k-vicreg-random-50ksteps,50000,backbone,g4,32768,vicreg,random,279,6.344824684122221,,,,,,vicreg,random,10k,transfer,True
lateral_canthus,9.010302543640137,8.972475051879883,4.190646171569823,14.035933494567873,followup_50k_landmark_probe,celeb_to_cfd,geometry-fixedcompute-10k-vicreg-random-50ksteps,50000,backbone,g4,32768,vicreg,random,279,6.344824684122221,,,,,,vicreg,random,10k,transfer,True
lid_inferior,7.579051971435548,6.78068208694458,4.012805461883545,12.77242946624756,followup_50k_landmark_probe,celeb_to_cfd,geometry-fixedcompute-10k-vicreg-random-50ksteps,50000,backbone,g4,32768,vicreg,random,279,6.344824684122221,,,,,,vicreg,random,10k,transfer,True
lid_superior,7.446247100830077,6.894125938415527,4.399020195007324,13.575276374816895,followup_50k_landmark_probe,celeb_to_cfd,geometry-fixedcompute-10k-vicreg-random-50ksteps,50000,backbone,g4,32768,vicreg,random,279,6.344824684122221,,,,,,vicreg,random,10k,transfer,True
medial_canthus,10.46635627746582,10.428669929504396,5.248154640197754,17.9822998046875,followup_50k_landmark_probe,celeb_to_cfd,geometry-fixedcompute-10k-vicreg-random-50ksteps,50000,backbone,g4,32768,vicreg,random,279,6.344824684122221,,,,,,vicreg,random,10k,transfer,True
sclera_inferior,7.511558055877685,7.2515926361083975,4.07603931427002,13.192388534545898,followup_50k_landmark_probe,celeb_to_cfd,geometry-fixedcompute-10k-vicreg-random-50ksteps,50000,backbone,g4,32768,vicreg,random,279,6.344824684122221,,,,,,vicreg,random,10k,transfer,True
sclera_superior,8.081730842590332,7.844086647033691,4.163885593414307,13.671707153320312,followup_50k_landmark_probe,celeb_to_cfd,geometry-fixedcompute-10k-vicreg-random-50ksteps,50000,backbone,g4,32768,vicreg,random,279,6.344824684122221,,,,,,vicreg,random,10k,transfer,True
iris_centroid,4.624026298522949,4.418287754058838,2.4259965419769287,7.549824714660644,followup_50k_landmark_probe,celeb_to_cfd,geometry-fixedcompute-100k-vicreg-random-50ksteps,50000,backbone,g4,32768,vicreg,random,411,5.6765602221254445,,,,,,vicreg,random,100k,transfer,True
iris_inferior,6.0295281410217285,5.412609100341797,3.138346672058105,10.473014831542967,followup_50k_landmark_probe,celeb_to_cfd,geometry-fixedcompute-100k-vicreg-random-50ksteps,50000,backbone,g4,32768,vicreg,random,411,5.6765602221254445,,,,,,vicreg,random,100k,transfer,True
iris_superior,4.163502216339111,3.8899035453796387,2.157961368560791,7.105018615722656,followup_50k_landmark_probe,celeb_to_cfd,geometry-fixedcompute-100k-vicreg-random-50ksteps,50000,backbone,g4,32768,vicreg,random,411,5.6765602221254445,,,,,,vicreg,random,100k,transfer,True
lateral_canthus,4.950167179107666,4.332633972167969,3.11307144165039,8.839207649230957,followup_50k_landmark_probe,celeb_to_cfd,geometry-fixedcompute-100k-vicreg-random-50ksteps,50000,backbone,g4,32768,vicreg,random,411,5.6765602221254445,,,,,,vicreg,random,100k,transfer,True
lid_inferior,4.1696996688842765,4.1659584045410165,2.284036159515381,6.7027692794799805,followup_50k_landmark_probe,celeb_to_cfd,geometry-fixedcompute-100k-vicreg-random-50ksteps,50000,backbone,g4,32768,vicreg,random,411,5.6765602221254445,,,,,,vicreg,random,100k,transfer,True
lid_superior,4.234084606170653,4.1157402992248535,2.581500291824341,7.441849708557129,followup_50k_landmark_probe,celeb_to_cfd,geometry-fixedcompute-100k-vicreg-random-50ksteps,50000,backbone,g4,32768,vicreg,random,411,5.6765602221254445,,,,,,vicreg,random,100k,transfer,True
medial_canthus,5.713979244232178,5.261363983154297,3.1454379558563232,10.631473541259766,followup_50k_landmark_probe,celeb_to_cfd,geometry-fixedcompute-100k-vicreg-random-50ksteps,50000,backbone,g4,32768,vicreg,random,411,5.6765602221254445,,,,,,vicreg,random,100k,transfer,True
sclera_inferior,4.330371856689453,3.740361213684082,2.520385503768921,8.126203536987305,followup_50k_landmark_probe,celeb_to_cfd,geometry-fixedcompute-100k-vicreg-random-50ksteps,50000,backbone,g4,32768,vicreg,random,411,5.6765602221254445,,,,,,vicreg,random,100k,transfer,True
sclera_superior,4.2337260246276855,4.171791076660156,2.3129651546478267,7.216655254364014,followup_50k_landmark_probe,celeb_to_cfd,geometry-fixedcompute-100k-vicreg-random-50ksteps,50000,backbone,g4,32768,vicreg,random,411,5.6765602221254445,,,,,,vicreg,random,100k,transfer,True
iris_centroid,4.552573204040527,4.440633773803711,2.1991236209869385,7.361842632293701,followup_50k_landmark_probe,celeb_to_cfd,geometry-fixedcompute-1m-vicreg-random-50ksteps,50000,backbone,g4,32768,vicreg,random,209,5.7548600702337875,,,,,,vicreg,random,1m,transfer,True
iris_inferior,5.488431930541992,5.101190567016602,2.5071043968200684,8.738143920898438,followup_50k_landmark_probe,celeb_to_cfd,geometry-fixedcompute-1m-vicreg-random-50ksteps,50000,backbone,g4,32768,vicreg,random,209,5.7548600702337875,,,,,,vicreg,random,1m,transfer,True
iris_superior,4.294769763946533,3.9006505012512207,2.299950122833252,7.185533046722412,followup_50k_landmark_probe,celeb_to_cfd,geometry-fixedcompute-1m-vicreg-random-50ksteps,50000,backbone,g4,32768,vicreg,random,209,5.7548600702337875,,,,,,vicreg,random,1m,transfer,True
lateral_canthus,5.592986106872559,4.996207237243652,3.3686008453369136,9.695204734802246,followup_50k_landmark_probe,celeb_to_cfd,geometry-fixedcompute-1m-vicreg-random-50ksteps,50000,backbone,g4,32768,vicreg,random,209,5.7548600702337875,,,,,,vicreg,random,1m,transfer,True
lid_inferior,4.3685998916625985,4.0842323303222665,2.396370649337769,7.963562965393066,followup_50k_landmark_probe,celeb_to_cfd,geometry-fixedcompute-1m-vicreg-random-50ksteps,50000,backbone,g4,32768,vicreg,random,209,5.7548600702337875,,,,,,vicreg,random,1m,transfer,True
lid_superior,5.045678615570068,4.726621627807617,2.5619027614593506,8.342873573303223,followup_50k_landmark_probe,celeb_to_cfd,geometry-fixedcompute-1m-vicreg-random-50ksteps,50000,backbone,g4,32768,vicreg,random,209,5.7548600702337875,,,,,,vicreg,random,1m,transfer,True
medial_canthus,5.6095542907714835,5.313467502593994,2.8555057048797607,9.54827880859375,followup_50k_landmark_probe,celeb_to_cfd,geometry-fixedcompute-1m-vicreg-random-50ksteps,50000,backbone,g4,32768,vicreg,random,209,5.7548600702337875,,,,,,vicreg,random,1m,transfer,True
sclera_inferior,5.003968238830566,4.63336992263794,2.590178966522217,9.083738327026367,followup_50k_landmark_probe,celeb_to_cfd,geometry-fixedcompute-1m-vicreg-random-50ksteps,50000,backbone,g4,32768,vicreg,random,209,5.7548600702337875,,,,,,vicreg,random,1m,transfer,True
sclera_superior,4.500321865081787,4.288250923156738,2.4005846977233887,7.814064502716064,followup_50k_landmark_probe,celeb_to_cfd,geometry-fixedcompute-1m-vicreg-random-50ksteps,50000,backbone,g4,32768,vicreg,random,209,5.7548600702337875,,,,,,vicreg,random,1m,transfer,True
iris_centroid,14.229331970214846,12.43494701385498,9.006584167480469,26.69461250305176,followup_50k_landmark_probe,celeb_to_cfd,geometry-fixedcompute-10k-infonce-imagenet-50ksteps,50000,backbone,g4,32768,infonce,imagenet,287,13.130484398596925,,,,,,infonce,imagenet,10k,transfer,True
iris_inferior,16.123865127563473,13.745121002197266,10.036437034606934,30.50178527832031,followup_50k_landmark_probe,celeb_to_cfd,geometry-fixedcompute-10k-infonce-imagenet-50ksteps,50000,backbone,g4,32768,infonce,imagenet,287,13.130484398596925,,,,,,infonce,imagenet,10k,transfer,True
iris_superior,12.709511756896973,11.219974517822266,8.070243835449219,22.83177947998047,followup_50k_landmark_probe,celeb_to_cfd,geometry-fixedcompute-10k-infonce-imagenet-50ksteps,50000,backbone,g4,32768,infonce,imagenet,287,13.130484398596925,,,,,,infonce,imagenet,10k,transfer,True
lateral_canthus,14.095715522766113,12.444778442382812,8.805294036865234,27.251434326171875,followup_50k_landmark_probe,celeb_to_cfd,geometry-fixedcompute-10k-infonce-imagenet-50ksteps,50000,backbone,g4,32768,infonce,imagenet,287,13.130484398596925,,,,,,infonce,imagenet,10k,transfer,True
lid_inferior,12.38416862487793,10.579428672790527,7.950221061706543,23.013376235961925,followup_50k_landmark_probe,celeb_to_cfd,geometry-fixedcompute-10k-infonce-imagenet-50ksteps,50000,backbone,g4,32768,infonce,imagenet,287,13.130484398596925,,,,,,infonce,imagenet,10k,transfer,True
lid_superior,11.811515808105467,10.14699935913086,7.398494243621826,22.09654235839844,followup_50k_landmark_probe,celeb_to_cfd,geometry-fixedcompute-10k-infonce-imagenet-50ksteps,50000,backbone,g4,32768,infonce,imagenet,287,13.130484398596925,,,,,,infonce,imagenet,10k,transfer,True
medial_canthus,16.580951690673828,15.489871978759766,9.198890686035156,28.70566749572754,followup_50k_landmark_probe,celeb_to_cfd,geometry-fixedcompute-10k-infonce-imagenet-50ksteps,50000,backbone,g4,32768,infonce,imagenet,287,13.130484398596925,,,,,,infonce,imagenet,10k,transfer,True
sclera_inferior,13.43505573272705,11.559826850891113,9.013239860534668,25.37488174438477,followup_50k_landmark_probe,celeb_to_cfd,geometry-fixedcompute-10k-infonce-imagenet-50ksteps,50000,backbone,g4,32768,infonce,imagenet,287,13.130484398596925,,,,,,infonce,imagenet,10k,transfer,True
sclera_superior,12.94504451751709,11.316139221191404,8.262913703918457,24.193809509277344,followup_50k_landmark_probe,celeb_to_cfd,geometry-fixedcompute-10k-infonce-imagenet-50ksteps,50000,backbone,g4,32768,infonce,imagenet,287,13.130484398596925,,,,,,infonce,imagenet,10k,transfer,True
iris_centroid,5.39077615737915,5.030226707458496,2.750051498413086,9.470544815063477,followup_50k_landmark_probe,celeb_to_cfd,geometry-fixedcompute-100k-infonce-imagenet-50ksteps,50000,backbone,g4,32768,infonce,imagenet,249,6.7301168650225875,,,,,,infonce,imagenet,100k,transfer,True
iris_inferior,5.739616394042969,5.370734691619873,2.8700046539306636,9.792159080505373,followup_50k_landmark_probe,celeb_to_cfd,geometry-fixedcompute-100k-infonce-imagenet-50ksteps,50000,backbone,g4,32768,infonce,imagenet,249,6.7301168650225875,,,,,,infonce,imagenet,100k,transfer,True
iris_superior,5.527300834655762,5.129979133605957,2.7883400917053223,9.190133094787598,followup_50k_landmark_probe,celeb_to_cfd,geometry-fixedcompute-100k-infonce-imagenet-50ksteps,50000,backbone,g4,32768,infonce,imagenet,249,6.7301168650225875,,,,,,infonce,imagenet,100k,transfer,True
lateral_canthus,8.056674957275389,7.348154544830322,4.348243236541748,14.808419227600098,followup_50k_landmark_probe,celeb_to_cfd,geometry-fixedcompute-100k-infonce-imagenet-50ksteps,50000,backbone,g4,32768,infonce,imagenet,249,6.7301168650225875,,,,,,infonce,imagenet,100k,transfer,True
lid_inferior,5.882920265197754,5.105340003967285,3.05812406539917,10.54702091217041,followup_50k_landmark_probe,celeb_to_cfd,geometry-fixedcompute-100k-infonce-imagenet-50ksteps,50000,backbone,g4,32768,infonce,imagenet,249,6.7301168650225875,,,,,,infonce,imagenet,100k,transfer,True
lid_superior,6.4798216819763175,6.151047706604004,3.0784237384796143,10.71116828918457,followup_50k_landmark_probe,celeb_to_cfd,geometry-fixedcompute-100k-infonce-imagenet-50ksteps,50000,backbone,g4,32768,infonce,imagenet,249,6.7301168650225875,,,,,,infonce,imagenet,100k,transfer,True
medial_canthus,7.045836448669434,6.2897586822509775,3.9913623332977295,12.766919136047365,followup_50k_landmark_probe,celeb_to_cfd,geometry-fixedcompute-100k-infonce-imagenet-50ksteps,50000,backbone,g4,32768,infonce,imagenet,249,6.7301168650225875,,,,,,infonce,imagenet,100k,transfer,True
sclera_inferior,7.1660828590393075,7.089923858642577,3.454797506332397,11.267005920410154,followup_50k_landmark_probe,celeb_to_cfd,geometry-fixedcompute-100k-infonce-imagenet-50ksteps,50000,backbone,g4,32768,infonce,imagenet,249,6.7301168650225875,,,,,,infonce,imagenet,100k,transfer,True
sclera_superior,5.416104316711426,4.632159233093262,2.94374418258667,9.590524673461914,followup_50k_landmark_probe,celeb_to_cfd,geometry-fixedcompute-100k-infonce-imagenet-50ksteps,50000,backbone,g4,32768,infonce,imagenet,249,6.7301168650225875,,,,,,infonce,imagenet,100k,transfer,True
iris_centroid,5.402406692504883,5.0827250480651855,2.934032201766968,9.18948459625244,followup_50k_landmark_probe,celeb_to_cfd,geometry-fixedcompute-1m-infonce-imagenet-50ksteps,50000,backbone,g4,32768,infonce,imagenet,397,6.627006911189178,,,,,,infonce,imagenet,1m,transfer,True
iris_inferior,5.939896106719972,5.845101356506348,2.931767225265503,9.59684944152832,followup_50k_landmark_probe,celeb_to_cfd,geometry-fixedcompute-1m-infonce-imagenet-50ksteps,50000,backbone,g4,32768,infonce,imagenet,397,6.627006911189178,,,,,,infonce,imagenet,1m,transfer,True
iris_superior,5.6247897148132315,4.958632469177246,3.1415812969207764,9.51944637298584,followup_50k_landmark_probe,celeb_to_cfd,geometry-fixedcompute-1m-infonce-imagenet-50ksteps,50000,backbone,g4,32768,infonce,imagenet,397,6.627006911189178,,,,,,infonce,imagenet,1m,transfer,True
lateral_canthus,6.666722297668457,5.943096160888673,3.9027130603790283,11.409174919128418,followup_50k_landmark_probe,celeb_to_cfd,geometry-fixedcompute-1m-infonce-imagenet-50ksteps,50000,backbone,g4,32768,infonce,imagenet,397,6.627006911189178,,,,,,infonce,imagenet,1m,transfer,True
lid_inferior,5.745017051696777,5.160490036010742,3.2978708744049072,10.460674285888672,followup_50k_landmark_probe,celeb_to_cfd,geometry-fixedcompute-1m-infonce-imagenet-50ksteps,50000,backbone,g4,32768,infonce,imagenet,397,6.627006911189178,,,,,,infonce,imagenet,1m,transfer,True
lid_superior,6.306796073913574,5.573583602905273,3.7722339630126953,11.48312759399414,followup_50k_landmark_probe,celeb_to_cfd,geometry-fixedcompute-1m-infonce-imagenet-50ksteps,50000,backbone,g4,32768,infonce,imagenet,397,6.627006911189178,,,,,,infonce,imagenet,1m,transfer,True
medial_canthus,6.554527759552003,5.865745544433594,4.027076721191406,12.1063814163208,followup_50k_landmark_probe,celeb_to_cfd,geometry-fixedcompute-1m-infonce-imagenet-50ksteps,50000,backbone,g4,32768,infonce,imagenet,397,6.627006911189178,,,,,,infonce,imagenet,1m,transfer,True
sclera_inferior,6.508599281311035,5.71891450881958,3.749537229537964,11.417055130004885,followup_50k_landmark_probe,celeb_to_cfd,geometry-fixedcompute-1m-infonce-imagenet-50ksteps,50000,backbone,g4,32768,infonce,imagenet,397,6.627006911189178,,,,,,infonce,imagenet,1m,transfer,True
sclera_superior,5.628320217132568,4.989385604858398,3.258384227752685,9.749191284179688,followup_50k_landmark_probe,celeb_to_cfd,geometry-fixedcompute-1m-infonce-imagenet-50ksteps,50000,backbone,g4,32768,infonce,imagenet,397,6.627006911189178,,,,,,infonce,imagenet,1m,transfer,True
iris_centroid,12.506467819213867,11.396371841430664,6.556151390075684,21.025737762451172,followup_50k_landmark_probe,celeb_to_cfd,geometry-fixedcompute-10k-lejepa-imagenet-50ksteps,50000,backbone,g4,32768,lejepa,imagenet,311,11.806192283421916,,,,,,lejepa,imagenet,10k,transfer,True
iris_inferior,14.175532341003418,13.112565994262695,7.438346862792969,23.256866455078125,followup_50k_landmark_probe,celeb_to_cfd,geometry-fixedcompute-10k-lejepa-imagenet-50ksteps,50000,backbone,g4,32768,lejepa,imagenet,311,11.806192283421916,,,,,,lejepa,imagenet,10k,transfer,True
iris_superior,11.005332946777344,9.807559967041016,5.97510290145874,18.162569046020508,followup_50k_landmark_probe,celeb_to_cfd,geometry-fixedcompute-10k-lejepa-imagenet-50ksteps,50000,backbone,g4,32768,lejepa,imagenet,311,11.806192283421916,,,,,,lejepa,imagenet,10k,transfer,True
lateral_canthus,13.747950553894045,12.051263809204102,9.03538417816162,26.00147819519043,followup_50k_landmark_probe,celeb_to_cfd,geometry-fixedcompute-10k-lejepa-imagenet-50ksteps,50000,backbone,g4,32768,lejepa,imagenet,311,11.806192283421916,,,,,,lejepa,imagenet,10k,transfer,True
lid_inferior,10.92625331878662,10.118664741516113,5.806588649749756,18.416301727294922,followup_50k_landmark_probe,celeb_to_cfd,geometry-fixedcompute-10k-lejepa-imagenet-50ksteps,50000,backbone,g4,32768,lejepa,imagenet,311,11.806192283421916,,,,,,lejepa,imagenet,10k,transfer,True
lid_superior,11.003538131713867,10.19487762451172,5.929228782653809,17.520238876342773,followup_50k_landmark_probe,celeb_to_cfd,geometry-fixedcompute-10k-lejepa-imagenet-50ksteps,50000,backbone,g4,32768,lejepa,imagenet,311,11.806192283421916,,,,,,lejepa,imagenet,10k,transfer,True
medial_canthus,16.79714584350586,14.68416976928711,10.817831039428713,31.766305923461925,followup_50k_landmark_probe,celeb_to_cfd,geometry-fixedcompute-10k-lejepa-imagenet-50ksteps,50000,backbone,g4,32768,lejepa,imagenet,311,11.806192283421916,,,,,,lejepa,imagenet,10k,transfer,True
sclera_inferior,11.78843879699707,10.42038345336914,7.1786537170410165,21.690813064575195,followup_50k_landmark_probe,celeb_to_cfd,geometry-fixedcompute-10k-lejepa-imagenet-50ksteps,50000,backbone,g4,32768,lejepa,imagenet,311,11.806192283421916,,,,,,lejepa,imagenet,10k,transfer,True
sclera_superior,11.67324447631836,11.402739524841307,5.987515926361084,19.92123413085937,followup_50k_landmark_probe,celeb_to_cfd,geometry-fixedcompute-10k-lejepa-imagenet-50ksteps,50000,backbone,g4,32768,lejepa,imagenet,311,11.806192283421916,,,,,,lejepa,imagenet,10k,transfer,True
iris_centroid,6.418057441711426,5.900774002075195,3.4692506790161133,11.209653854370117,followup_50k_landmark_probe,celeb_to_cfd,geometry-fixedcompute-100k-lejepa-imagenet-50ksteps,50000,backbone,g4,32768,lejepa,imagenet,271,7.93182453301435,,,,,,lejepa,imagenet,100k,transfer,True
iris_inferior,7.330057144165039,7.036286354064941,3.51521897315979,11.700613975524902,followup_50k_landmark_probe,celeb_to_cfd,geometry-fixedcompute-100k-lejepa-imagenet-50ksteps,50000,backbone,g4,32768,lejepa,imagenet,271,7.93182453301435,,,,,,lejepa,imagenet,100k,transfer,True
iris_superior,6.505241394042969,5.826494216918945,3.5858979225158687,11.694751739501953,followup_50k_landmark_probe,celeb_to_cfd,geometry-fixedcompute-100k-lejepa-imagenet-50ksteps,50000,backbone,g4,32768,lejepa,imagenet,271,7.93182453301435,,,,,,lejepa,imagenet,100k,transfer,True
lateral_canthus,7.883450508117676,6.747435569763184,5.410764217376709,15.491332054138185,followup_50k_landmark_probe,celeb_to_cfd,geometry-fixedcompute-100k-lejepa-imagenet-50ksteps,50000,backbone,g4,32768,lejepa,imagenet,271,7.93182453301435,,,,,,lejepa,imagenet,100k,transfer,True
lid_inferior,7.478475093841553,6.981078147888184,3.623777866363525,12.539881706237793,followup_50k_landmark_probe,celeb_to_cfd,geometry-fixedcompute-100k-lejepa-imagenet-50ksteps,50000,backbone,g4,32768,lejepa,imagenet,271,7.93182453301435,,,,,,lejepa,imagenet,100k,transfer,True
lid_superior,6.644575119018555,6.03099250793457,3.4097745418548584,11.633560180664062,followup_50k_landmark_probe,celeb_to_cfd,geometry-fixedcompute-100k-lejepa-imagenet-50ksteps,50000,backbone,g4,32768,lejepa,imagenet,271,7.93182453301435,,,,,,lejepa,imagenet,100k,transfer,True
medial_canthus,8.562580108642576,7.667426109313965,5.610547065734863,15.745729446411133,followup_50k_landmark_probe,celeb_to_cfd,geometry-fixedcompute-100k-lejepa-imagenet-50ksteps,50000,backbone,g4,32768,lejepa,imagenet,271,7.93182453301435,,,,,,lejepa,imagenet,100k,transfer,True
sclera_inferior,7.658152103424072,6.981172561645508,4.053881645202637,13.530097007751465,followup_50k_landmark_probe,celeb_to_cfd,geometry-fixedcompute-100k-lejepa-imagenet-50ksteps,50000,backbone,g4,32768,lejepa,imagenet,271,7.93182453301435,,,,,,lejepa,imagenet,100k,transfer,True
sclera_superior,6.783439636230469,6.213987350463867,3.485654592514038,11.445966720581055,followup_50k_landmark_probe,celeb_to_cfd,geometry-fixedcompute-100k-lejepa-imagenet-50ksteps,50000,backbone,g4,32768,lejepa,imagenet,271,7.93182453301435,,,,,,lejepa,imagenet,100k,transfer,True
iris_centroid,6.170276165008545,5.5557403564453125,3.459744691848755,11.261053085327148,followup_50k_landmark_probe,celeb_to_cfd,geometry-fixedcompute-1m-lejepa-imagenet-50ksteps,50000,backbone,g4,32768,lejepa,imagenet,138,7.942874423793105,,,,,,lejepa,imagenet,1m,transfer,True
iris_inferior,7.007997989654541,6.75545597076416,3.832233667373657,12.44792366027832,followup_50k_landmark_probe,celeb_to_cfd,geometry-fixedcompute-1m-lejepa-imagenet-50ksteps,50000,backbone,g4,32768,lejepa,imagenet,138,7.942874423793105,,,,,,lejepa,imagenet,1m,transfer,True
iris_superior,6.055412292480469,5.622102737426758,3.295546531677246,10.431116104125977,followup_50k_landmark_probe,celeb_to_cfd,geometry-fixedcompute-1m-lejepa-imagenet-50ksteps,50000,backbone,g4,32768,lejepa,imagenet,138,7.942874423793105,,,,,,lejepa,imagenet,1m,transfer,True
lateral_canthus,7.466457843780518,6.943179130554199,4.301600456237793,12.920025825500488,followup_50k_landmark_probe,celeb_to_cfd,geometry-fixedcompute-1m-lejepa-imagenet-50ksteps,50000,backbone,g4,32768,lejepa,imagenet,138,7.942874423793105,,,,,,lejepa,imagenet,1m,transfer,True
lid_inferior,6.424269676208496,6.142197608947754,3.445974588394165,11.33255100250244,followup_50k_landmark_probe,celeb_to_cfd,geometry-fixedcompute-1m-lejepa-imagenet-50ksteps,50000,backbone,g4,32768,lejepa,imagenet,138,7.942874423793105,,,,,,lejepa,imagenet,1m,transfer,True
lid_superior,6.29494571685791,5.9565162658691415,3.3268611431121826,10.909478187561037,followup_50k_landmark_probe,celeb_to_cfd,geometry-fixedcompute-1m-lejepa-imagenet-50ksteps,50000,backbone,g4,32768,lejepa,imagenet,138,7.942874423793105,,,,,,lejepa,imagenet,1m,transfer,True
medial_canthus,8.808096885681152,8.378073692321777,4.888359069824219,15.13772678375244,followup_50k_landmark_probe,celeb_to_cfd,geometry-fixedcompute-1m-lejepa-imagenet-50ksteps,50000,backbone,g4,32768,lejepa,imagenet,138,7.942874423793105,,,,,,lejepa,imagenet,1m,transfer,True
sclera_inferior,6.94684362411499,6.331799507141112,3.673825979232788,12.2034912109375,followup_50k_landmark_probe,celeb_to_cfd,geometry-fixedcompute-1m-lejepa-imagenet-50ksteps,50000,backbone,g4,32768,lejepa,imagenet,138,7.942874423793105,,,,,,lejepa,imagenet,1m,transfer,True
sclera_superior,6.215743541717528,5.963906288146973,3.316491842269897,10.788312911987305,followup_50k_landmark_probe,celeb_to_cfd,geometry-fixedcompute-1m-lejepa-imagenet-50ksteps,50000,backbone,g4,32768,lejepa,imagenet,138,7.942874423793105,,,,,,lejepa,imagenet,1m,transfer,True
iris_centroid,7.597760200500487,6.965798377990723,4.462953567504883,13.580759048461914,followup_50k_landmark_probe,celeb_to_cfd,geometry-fixedcompute-10k-vicreg-imagenet-50ksteps,50000,backbone,g4,32768,vicreg,imagenet,256,9.918427613263573,,,,,,vicreg,imagenet,10k,transfer,True
iris_inferior,8.311267852783201,7.3299665451049805,4.690944194793701,14.868124961853027,followup_50k_landmark_probe,celeb_to_cfd,geometry-fixedcompute-10k-vicreg-imagenet-50ksteps,50000,backbone,g4,32768,vicreg,imagenet,256,9.918427613263573,,,,,,vicreg,imagenet,10k,transfer,True
iris_superior,7.466775894165039,6.855826377868652,4.3152031898498535,12.99329948425293,followup_50k_landmark_probe,celeb_to_cfd,geometry-fixedcompute-10k-vicreg-imagenet-50ksteps,50000,backbone,g4,32768,vicreg,imagenet,256,9.918427613263573,,,,,,vicreg,imagenet,10k,transfer,True
lateral_canthus,9.69148063659668,8.897729873657227,5.5682454109191895,16.543266296386722,followup_50k_landmark_probe,celeb_to_cfd,geometry-fixedcompute-10k-vicreg-imagenet-50ksteps,50000,backbone,g4,32768,vicreg,imagenet,256,9.918427613263573,,,,,,vicreg,imagenet,10k,transfer,True
lid_inferior,8.490517616271973,7.4374427795410165,4.771641731262207,14.9900484085083,followup_50k_landmark_probe,celeb_to_cfd,geometry-fixedcompute-10k-vicreg-imagenet-50ksteps,50000,backbone,g4,32768,vicreg,imagenet,256,9.918427613263573,,,,,,vicreg,imagenet,10k,transfer,True
lid_superior,8.349391937255861,7.428873062133789,4.96837043762207,15.111760139465332,followup_50k_landmark_probe,celeb_to_cfd,geometry-fixedcompute-10k-vicreg-imagenet-50ksteps,50000,backbone,g4,32768,vicreg,imagenet,256,9.918427613263573,,,,,,vicreg,imagenet,10k,transfer,True
medial_canthus,10.44102382659912,9.321717262268066,6.181531429290772,19.09503746032715,followup_50k_landmark_probe,celeb_to_cfd,geometry-fixedcompute-10k-vicreg-imagenet-50ksteps,50000,backbone,g4,32768,vicreg,imagenet,256,9.918427613263573,,,,,,vicreg,imagenet,10k,transfer,True
sclera_inferior,9.28221321105957,8.51396369934082,5.460648059844972,16.624505996704098,followup_50k_landmark_probe,celeb_to_cfd,geometry-fixedcompute-10k-vicreg-imagenet-50ksteps,50000,backbone,g4,32768,vicreg,imagenet,256,9.918427613263573,,,,,,vicreg,imagenet,10k,transfer,True
sclera_superior,7.901998519897461,7.403810501098633,4.5493597984313965,14.050142288208008,followup_50k_landmark_probe,celeb_to_cfd,geometry-fixedcompute-10k-vicreg-imagenet-50ksteps,50000,backbone,g4,32768,vicreg,imagenet,256,9.918427613263573,,,,,,vicreg,imagenet,10k,transfer,True
iris_centroid,5.260835647583008,4.84133243560791,3.0889601707458496,9.435554504394533,followup_50k_landmark_probe,celeb_to_cfd,geometry-fixedcompute-100k-vicreg-imagenet-50ksteps,50000,backbone,g4,32768,vicreg,imagenet,253,6.823302362785965,,,,,,vicreg,imagenet,100k,transfer,True
iris_inferior,6.383621692657472,5.968584060668945,3.4925012588500977,10.999326705932617,followup_50k_landmark_probe,celeb_to_cfd,geometry-fixedcompute-100k-vicreg-imagenet-50ksteps,50000,backbone,g4,32768,vicreg,imagenet,253,6.823302362785965,,,,,,vicreg,imagenet,100k,transfer,True
iris_superior,5.1008949279785165,4.667717933654785,3.1143097877502437,8.728893280029299,followup_50k_landmark_probe,celeb_to_cfd,geometry-fixedcompute-100k-vicreg-imagenet-50ksteps,50000,backbone,g4,32768,vicreg,imagenet,253,6.823302362785965,,,,,,vicreg,imagenet,100k,transfer,True
lateral_canthus,6.2559075355529785,5.366425514221191,3.572127103805542,10.567190170288086,followup_50k_landmark_probe,celeb_to_cfd,geometry-fixedcompute-100k-vicreg-imagenet-50ksteps,50000,backbone,g4,32768,vicreg,imagenet,253,6.823302362785965,,,,,,vicreg,imagenet,100k,transfer,True
lid_inferior,5.1565775871276855,4.680089473724365,3.1539702415466313,8.550657272338867,followup_50k_landmark_probe,celeb_to_cfd,geometry-fixedcompute-100k-vicreg-imagenet-50ksteps,50000,backbone,g4,32768,vicreg,imagenet,253,6.823302362785965,,,,,,vicreg,imagenet,100k,transfer,True
lid_superior,5.638054847717285,5.095978736877441,3.6889970302581774,9.9237699508667,followup_50k_landmark_probe,celeb_to_cfd,geometry-fixedcompute-100k-vicreg-imagenet-50ksteps,50000,backbone,g4,32768,vicreg,imagenet,253,6.823302362785965,,,,,,vicreg,imagenet,100k,transfer,True
medial_canthus,7.399965763092041,6.080880641937256,5.47933292388916,13.293478965759276,followup_50k_landmark_probe,celeb_to_cfd,geometry-fixedcompute-100k-vicreg-imagenet-50ksteps,50000,backbone,g4,32768,vicreg,imagenet,253,6.823302362785965,,,,,,vicreg,imagenet,100k,transfer,True
sclera_inferior,6.35143518447876,6.019430160522461,3.260931968688965,10.302041053771973,followup_50k_landmark_probe,celeb_to_cfd,geometry-fixedcompute-100k-vicreg-imagenet-50ksteps,50000,backbone,g4,32768,vicreg,imagenet,253,6.823302362785965,,,,,,vicreg,imagenet,100k,transfer,True
sclera_superior,5.009568214416504,4.736590385437012,3.1166508197784424,8.607247352600098,followup_50k_landmark_probe,celeb_to_cfd,geometry-fixedcompute-100k-vicreg-imagenet-50ksteps,50000,backbone,g4,32768,vicreg,imagenet,253,6.823302362785965,,,,,,vicreg,imagenet,100k,transfer,True
iris_centroid,5.129964828491211,4.752693176269531,2.694793701171875,8.724809646606445,followup_50k_landmark_probe,celeb_to_cfd,geometry-fixedcompute-1m-vicreg-imagenet-50ksteps,50000,backbone,g4,32768,vicreg,imagenet,186,6.926190993824942,,,,,,vicreg,imagenet,1m,transfer,True
iris_inferior,5.59375524520874,4.968456268310547,2.906548023223877,9.569021224975586,followup_50k_landmark_probe,celeb_to_cfd,geometry-fixedcompute-1m-vicreg-imagenet-50ksteps,50000,backbone,g4,32768,vicreg,imagenet,186,6.926190993824942,,,,,,vicreg,imagenet,1m,transfer,True
iris_superior,4.8052825927734375,4.579289436340332,2.671933650970459,8.430267333984375,followup_50k_landmark_probe,celeb_to_cfd,geometry-fixedcompute-1m-vicreg-imagenet-50ksteps,50000,backbone,g4,32768,vicreg,imagenet,186,6.926190993824942,,,,,,vicreg,imagenet,1m,transfer,True
lateral_canthus,6.009951591491699,5.624979019165039,3.3435239791870117,10.598267555236816,followup_50k_landmark_probe,celeb_to_cfd,geometry-fixedcompute-1m-vicreg-imagenet-50ksteps,50000,backbone,g4,32768,vicreg,imagenet,186,6.926190993824942,,,,,,vicreg,imagenet,1m,transfer,True
lid_inferior,4.976788520812988,4.614232063293457,2.662409782409668,8.61335277557373,followup_50k_landmark_probe,celeb_to_cfd,geometry-fixedcompute-1m-vicreg-imagenet-50ksteps,50000,backbone,g4,32768,vicreg,imagenet,186,6.926190993824942,,,,,,vicreg,imagenet,1m,transfer,True
lid_superior,5.627478122711182,5.314148902893066,3.049004316329956,9.671660423278807,followup_50k_landmark_probe,celeb_to_cfd,geometry-fixedcompute-1m-vicreg-imagenet-50ksteps,50000,backbone,g4,32768,vicreg,imagenet,186,6.926190993824942,,,,,,vicreg,imagenet,1m,transfer,True
medial_canthus,6.997693538665772,6.1353278160095215,4.212745189666748,12.389412879943848,followup_50k_landmark_probe,celeb_to_cfd,geometry-fixedcompute-1m-vicreg-imagenet-50ksteps,50000,backbone,g4,32768,vicreg,imagenet,186,6.926190993824942,,,,,,vicreg,imagenet,1m,transfer,True
sclera_inferior,5.6188130378723145,5.27890682220459,2.8508412837982178,9.281503677368164,followup_50k_landmark_probe,celeb_to_cfd,geometry-fixedcompute-1m-vicreg-imagenet-50ksteps,50000,backbone,g4,32768,vicreg,imagenet,186,6.926190993824942,,,,,,vicreg,imagenet,1m,transfer,True
sclera_superior,4.8588972091674805,4.482743263244629,2.5655434131622314,8.674884796142576,followup_50k_landmark_probe,celeb_to_cfd,geometry-fixedcompute-1m-vicreg-imagenet-50ksteps,50000,backbone,g4,32768,vicreg,imagenet,186,6.926190993824942,,,,,,vicreg,imagenet,1m,transfer,True
