study_name,task_name,run_name,checkpoint_step,embedding_key,pooling,embedding_dim,ssl_method,init_mode,train_dataset_name,val_dataset_name,test_dataset_name,test_split,best_epoch,best_val_mean_l2,test_mae,test_mean_l2,probe_checkpoint_path,model_family,model_arch,patch_size,pretrain_data,feature_kind,objective,init,scale,train_dataset,val_dataset,test_dataset,task_family,paper_scope,cfd_within_test_mean_l2,cfd_within_test_mae,cfd_within_best_val_mean_l2,cfd_within_best_epoch,transfer_penalty_l2,transfer_ratio_l2
followup_50k_landmark_probe,celeb_within,baseline-random,0,backbone,gap,2048,baseline,random,celeb,celeb,celeb,test,516,21.93241385162854,13.270909309387207,22.076635360717773,/workspace/landmark_probe/outputs/probe_runs/followup_50k_landmark_probe/celeb_within/baseline-random/backbone__gap/best_probe.pt,,,,,,baseline,random,baseline,celeb,celeb,celeb,within,True,12.971769332885742,7.741965293884277,13.72930145263672,795,,
followup_50k_landmark_probe,celeb_within,geometry-fixedcompute-10k-infonce-random-50ksteps,50000,backbone,gap,2048,infonce,random,celeb,celeb,celeb,test,630,9.663948595849543,6.537930488586426,10.463605880737305,/workspace/landmark_probe/outputs/probe_runs/followup_50k_landmark_probe/celeb_within/geometry-fixedcompute-10k-infonce-random-50ksteps/backbone__gap/best_probe.pt,,,,,,infonce,random,10k,celeb,celeb,celeb,within,True,5.787199020385742,3.7066636085510254,5.629683494567871,985,,
followup_50k_landmark_probe,celeb_within,geometry-fixedcompute-100k-infonce-random-50ksteps,50000,backbone,gap,2048,infonce,random,celeb,celeb,celeb,test,644,8.183093597328726,5.351380825042725,8.497486114501951,/workspace/landmark_probe/outputs/probe_runs/followup_50k_landmark_probe/celeb_within/geometry-fixedcompute-100k-infonce-random-50ksteps/backbone__gap/best_probe.pt,,,,,,infonce,random,100k,celeb,celeb,celeb,within,True,4.941577434539795,3.1464080810546875,4.88153076171875,961,,
followup_50k_landmark_probe,celeb_within,geometry-fixedcompute-1m-infonce-random-50ksteps,50000,backbone,gap,2048,infonce,random,celeb,celeb,celeb,test,956,7.1326106988667135,4.989112854003906,7.886075019836426,/workspace/landmark_probe/outputs/probe_runs/followup_50k_landmark_probe/celeb_within/geometry-fixedcompute-1m-infonce-random-50ksteps/backbone__gap/best_probe.pt,,,,,,infonce,random,1m,celeb,celeb,celeb,within,True,5.346963882446289,3.4052155017852783,5.134476661682129,975,,
followup_50k_landmark_probe,celeb_within,geometry-fixedcompute-10k-lejepa-random-50ksteps,50000,backbone,gap,2048,lejepa,random,celeb,celeb,celeb,test,996,8.605578375644372,5.571080207824707,8.84671401977539,/workspace/landmark_probe/outputs/probe_runs/followup_50k_landmark_probe/celeb_within/geometry-fixedcompute-10k-lejepa-random-50ksteps/backbone__gap/best_probe.pt,,,,,,lejepa,random,10k,celeb,celeb,celeb,within,True,6.622581958770753,4.250659942626953,6.580477714538574,984,,
followup_50k_landmark_probe,celeb_within,geometry-fixedcompute-100k-lejepa-random-50ksteps,50000,backbone,gap,2048,lejepa,random,celeb,celeb,celeb,test,799,8.958148940664824,5.700847148895264,9.084222793579102,/workspace/landmark_probe/outputs/probe_runs/followup_50k_landmark_probe/celeb_within/geometry-fixedcompute-100k-lejepa-random-50ksteps/backbone__gap/best_probe.pt,,,,,,lejepa,random,100k,celeb,celeb,celeb,within,True,6.693324089050293,4.255705833435059,6.437655925750732,981,,
followup_50k_landmark_probe,celeb_within,geometry-fixedcompute-1m-lejepa-random-50ksteps,50000,backbone,gap,2048,lejepa,random,celeb,celeb,celeb,test,937,8.164918748407416,5.552295684814453,8.85107707977295,/workspace/landmark_probe/outputs/probe_runs/followup_50k_landmark_probe/celeb_within/geometry-fixedcompute-1m-lejepa-random-50ksteps/backbone__gap/best_probe.pt,,,,,,lejepa,random,1m,celeb,celeb,celeb,within,True,5.975046157836914,3.7931699752807617,5.6525630950927725,949,,
followup_50k_landmark_probe,celeb_within,geometry-fixedcompute-10k-vicreg-random-50ksteps,50000,backbone,gap,2048,vicreg,random,celeb,celeb,celeb,test,759,10.087530589494547,6.386039733886719,10.148191452026367,/workspace/landmark_probe/outputs/probe_runs/followup_50k_landmark_probe/celeb_within/geometry-fixedcompute-10k-vicreg-random-50ksteps/backbone__gap/best_probe.pt,,,,,,vicreg,random,10k,celeb,celeb,celeb,within,True,5.671750545501709,3.5886240005493164,5.312017917633057,999,,
followup_50k_landmark_probe,celeb_within,geometry-fixedcompute-100k-vicreg-random-50ksteps,50000,backbone,gap,2048,vicreg,random,celeb,celeb,celeb,test,986,7.7636029081917854,5.261763572692871,8.382796287536621,/workspace/landmark_probe/outputs/probe_runs/followup_50k_landmark_probe/celeb_within/geometry-fixedcompute-100k-vicreg-random-50ksteps/backbone__gap/best_probe.pt,,,,,,vicreg,random,100k,celeb,celeb,celeb,within,True,4.849979877471924,3.0976579189300537,4.949226379394531,957,,
followup_50k_landmark_probe,celeb_within,geometry-fixedcompute-1m-vicreg-random-50ksteps,50000,backbone,gap,2048,vicreg,random,celeb,celeb,celeb,test,416,8.048527014060099,5.531710147857666,8.841500282287598,/workspace/landmark_probe/outputs/probe_runs/followup_50k_landmark_probe/celeb_within/geometry-fixedcompute-1m-vicreg-random-50ksteps/backbone__gap/best_probe.pt,,,,,,vicreg,random,1m,celeb,celeb,celeb,within,True,5.064306259155273,3.2320435047149663,4.948784828186035,1000,,
followup_50k_landmark_probe,celeb_within,baseline-imagenet,0,backbone,gap,2048,baseline,imagenet,celeb,celeb,celeb,test,347,21.388936162646356,13.784327507019045,22.504165649414066,/workspace/landmark_probe/outputs/probe_runs/followup_50k_landmark_probe/celeb_within/baseline-imagenet/backbone__gap/best_probe.pt,,,,,,baseline,imagenet,baseline,celeb,celeb,celeb,within,True,11.655435562133787,7.262882709503174,12.257145881652832,802,,
followup_50k_landmark_probe,celeb_within,geometry-fixedcompute-10k-infonce-imagenet-50ksteps,50000,backbone,gap,2048,infonce,imagenet,celeb,celeb,celeb,test,47,25.51697596565622,16.617643356323242,27.03860092163086,/workspace/landmark_probe/outputs/probe_runs/followup_50k_landmark_probe/celeb_within/geometry-fixedcompute-10k-infonce-imagenet-50ksteps/backbone__gap/best_probe.pt,,,,,,infonce,imagenet,10k,celeb,celeb,celeb,within,True,13.284772872924805,8.383938789367676,12.378300666809082,925,,
followup_50k_landmark_probe,celeb_within,geometry-fixedcompute-100k-infonce-imagenet-50ksteps,50000,backbone,gap,2048,infonce,imagenet,celeb,celeb,celeb,test,864,10.23061374497544,6.815264225006104,11.091719627380373,/workspace/landmark_probe/outputs/probe_runs/followup_50k_landmark_probe/celeb_within/geometry-fixedcompute-100k-infonce-imagenet-50ksteps/backbone__gap/best_probe.pt,,,,,,infonce,imagenet,100k,celeb,celeb,celeb,within,True,6.826277256011963,4.347504138946533,7.085031032562256,969,,
followup_50k_landmark_probe,celeb_within,geometry-fixedcompute-1m-infonce-imagenet-50ksteps,50000,backbone,gap,2048,infonce,imagenet,celeb,celeb,celeb,test,953,9.950591384387408,6.384547233581543,10.217924118041992,/workspace/landmark_probe/outputs/probe_runs/followup_50k_landmark_probe/celeb_within/geometry-fixedcompute-1m-infonce-imagenet-50ksteps/backbone__gap/best_probe.pt,,,,,,infonce,imagenet,1m,celeb,celeb,celeb,within,True,7.050218105316162,4.467141151428223,7.221372127532959,996,,
followup_50k_landmark_probe,celeb_within,geometry-fixedcompute-10k-lejepa-imagenet-50ksteps,50000,backbone,gap,2048,lejepa,imagenet,celeb,celeb,celeb,test,468,19.755393533758774,13.169565200805664,21.4363956451416,/workspace/landmark_probe/outputs/probe_runs/followup_50k_landmark_probe/celeb_within/geometry-fixedcompute-10k-lejepa-imagenet-50ksteps/backbone__gap/best_probe.pt,,,,,,lejepa,imagenet,10k,celeb,celeb,celeb,within,True,11.052496910095217,6.964212894439697,10.604616165161133,901,,
followup_50k_landmark_probe,celeb_within,geometry-fixedcompute-100k-lejepa-imagenet-50ksteps,50000,backbone,gap,2048,lejepa,imagenet,celeb,celeb,celeb,test,531,14.921271704585175,10.414450645446776,16.852909088134766,/workspace/landmark_probe/outputs/probe_runs/followup_50k_landmark_probe/celeb_within/geometry-fixedcompute-100k-lejepa-imagenet-50ksteps/backbone__gap/best_probe.pt,,,,,,lejepa,imagenet,100k,celeb,celeb,celeb,within,True,8.481070518493652,5.31820011138916,8.073100090026855,939,,
followup_50k_landmark_probe,celeb_within,geometry-fixedcompute-1m-lejepa-imagenet-50ksteps,50000,backbone,gap,2048,lejepa,imagenet,celeb,celeb,celeb,test,526,14.75159295399984,10.510231971740724,16.988883972167972,/workspace/landmark_probe/outputs/probe_runs/followup_50k_landmark_probe/celeb_within/geometry-fixedcompute-1m-lejepa-imagenet-50ksteps/backbone__gap/best_probe.pt,,,,,,lejepa,imagenet,1m,celeb,celeb,celeb,within,True,7.914156436920166,4.963332176208496,8.020255088806152,992,,
followup_50k_landmark_probe,celeb_within,geometry-fixedcompute-10k-vicreg-imagenet-50ksteps,50000,backbone,gap,2048,vicreg,imagenet,celeb,celeb,celeb,test,842,15.955709050913324,10.437923431396484,16.87973976135254,/workspace/landmark_probe/outputs/probe_runs/followup_50k_landmark_probe/celeb_within/geometry-fixedcompute-10k-vicreg-imagenet-50ksteps/backbone__gap/best_probe.pt,,,,,,vicreg,imagenet,10k,celeb,celeb,celeb,within,True,9.008071899414062,5.6964263916015625,8.97541332244873,982,,
followup_50k_landmark_probe,celeb_within,geometry-fixedcompute-100k-vicreg-imagenet-50ksteps,50000,backbone,gap,2048,vicreg,imagenet,celeb,celeb,celeb,test,975,9.811432603929862,6.817153453826903,10.97868537902832,/workspace/landmark_probe/outputs/probe_runs/followup_50k_landmark_probe/celeb_within/geometry-fixedcompute-100k-vicreg-imagenet-50ksteps/backbone__gap/best_probe.pt,,,,,,vicreg,imagenet,100k,celeb,celeb,celeb,within,True,7.173373222351074,4.5073771476745605,7.111922264099121,999,,
followup_50k_landmark_probe,celeb_within,geometry-fixedcompute-1m-vicreg-imagenet-50ksteps,50000,backbone,gap,2048,vicreg,imagenet,celeb,celeb,celeb,test,894,10.351703159144668,7.13892126083374,11.59749984741211,/workspace/landmark_probe/outputs/probe_runs/followup_50k_landmark_probe/celeb_within/geometry-fixedcompute-1m-vicreg-imagenet-50ksteps/backbone__gap/best_probe.pt,,,,,,vicreg,imagenet,1m,celeb,celeb,celeb,within,True,7.609627723693848,4.8062710762023935,7.4894633293151855,996,,
followup_50k_landmark_probe,celeb_within,baseline-random,0,backbone,g4,32768,baseline,random,celeb,celeb,celeb,test,208,16.501477048696717,9.57886791229248,15.70014476776123,/workspace/landmark_probe/outputs/probe_runs/followup_50k_landmark_probe/celeb_within/baseline-random/backbone__g4/best_probe.pt,,,,,,baseline,random,baseline,celeb,celeb,celeb,within,True,9.330357551574707,5.592645645141602,8.979241371154785,327,,
followup_50k_landmark_probe,celeb_within,geometry-fixedcompute-10k-infonce-random-50ksteps,50000,backbone,g4,32768,infonce,random,celeb,celeb,celeb,test,344,6.315409266883558,4.175171375274658,6.532932758331299,/workspace/landmark_probe/outputs/probe_runs/followup_50k_landmark_probe/celeb_within/geometry-fixedcompute-10k-infonce-random-50ksteps/backbone__g4/best_probe.pt,,,,,,infonce,random,10k,celeb,celeb,celeb,within,True,5.410127639770508,3.5118162631988525,4.309503078460693,347,,
followup_50k_landmark_probe,celeb_within,geometry-fixedcompute-100k-infonce-random-50ksteps,50000,backbone,g4,32768,infonce,random,celeb,celeb,celeb,test,310,5.830992868037822,3.9727165699005127,6.20599889755249,/workspace/landmark_probe/outputs/probe_runs/followup_50k_landmark_probe/celeb_within/geometry-fixedcompute-100k-infonce-random-50ksteps/backbone__g4/best_probe.pt,,,,,,infonce,random,100k,celeb,celeb,celeb,within,True,4.025519371032715,2.5452229976654053,3.83331036567688,197,,
followup_50k_landmark_probe,celeb_within,geometry-fixedcompute-1m-infonce-random-50ksteps,50000,backbone,g4,32768,infonce,random,celeb,celeb,celeb,test,327,5.584826365194687,3.5764195919036865,5.598062038421631,/workspace/landmark_probe/outputs/probe_runs/followup_50k_landmark_probe/celeb_within/geometry-fixedcompute-1m-infonce-random-50ksteps/backbone__g4/best_probe.pt,,,,,,infonce,random,1m,celeb,celeb,celeb,within,True,4.9530229568481445,3.2018959522247314,4.044797420501709,180,,
followup_50k_landmark_probe,celeb_within,geometry-fixedcompute-10k-lejepa-random-50ksteps,50000,backbone,g4,32768,lejepa,random,celeb,celeb,celeb,test,227,6.357393569633608,4.223865985870361,6.683793067932129,/workspace/landmark_probe/outputs/probe_runs/followup_50k_landmark_probe/celeb_within/geometry-fixedcompute-10k-lejepa-random-50ksteps/backbone__g4/best_probe.pt,,,,,,lejepa,random,10k,celeb,celeb,celeb,within,True,4.160947799682616,2.646048069000244,4.060436248779297,424,,
followup_50k_landmark_probe,celeb_within,geometry-fixedcompute-100k-lejepa-random-50ksteps,50000,backbone,g4,32768,lejepa,random,celeb,celeb,celeb,test,423,6.017746026398705,4.105247497558594,6.5041446685791025,/workspace/landmark_probe/outputs/probe_runs/followup_50k_landmark_probe/celeb_within/geometry-fixedcompute-100k-lejepa-random-50ksteps/backbone__g4/best_probe.pt,,,,,,lejepa,random,100k,celeb,celeb,celeb,within,True,4.047849655151366,2.571373701095581,3.948544025421143,450,,
followup_50k_landmark_probe,celeb_within,geometry-fixedcompute-1m-lejepa-random-50ksteps,50000,backbone,g4,32768,lejepa,random,celeb,celeb,celeb,test,610,6.0942042173583655,3.993424654006958,6.298998832702638,/workspace/landmark_probe/outputs/probe_runs/followup_50k_landmark_probe/celeb_within/geometry-fixedcompute-1m-lejepa-random-50ksteps/backbone__g4/best_probe.pt,,,,,,lejepa,random,1m,celeb,celeb,celeb,within,True,4.199650287628174,2.667404890060425,4.1169538497924805,347,,
followup_50k_landmark_probe,celeb_within,geometry-fixedcompute-10k-vicreg-random-50ksteps,50000,backbone,g4,32768,vicreg,random,celeb,celeb,celeb,test,341,6.406201193241474,4.2337255477905265,6.6308417320251465,/workspace/landmark_probe/outputs/probe_runs/followup_50k_landmark_probe/celeb_within/geometry-fixedcompute-10k-vicreg-random-50ksteps/backbone__g4/best_probe.pt,,,,,,vicreg,random,10k,celeb,celeb,celeb,within,True,4.9142680168151855,3.168797016143799,4.070761203765868,263,,
followup_50k_landmark_probe,celeb_within,geometry-fixedcompute-100k-vicreg-random-50ksteps,50000,backbone,g4,32768,vicreg,random,celeb,celeb,celeb,test,285,5.773190920470191,3.6056337356567374,5.688697338104247,/workspace/landmark_probe/outputs/probe_runs/followup_50k_landmark_probe/celeb_within/geometry-fixedcompute-100k-vicreg-random-50ksteps/backbone__g4/best_probe.pt,,,,,,vicreg,random,100k,celeb,celeb,celeb,within,True,3.937283754348755,2.508047103881836,3.7638401985168457,294,,
followup_50k_landmark_probe,celeb_within,geometry-fixedcompute-1m-vicreg-random-50ksteps,50000,backbone,g4,32768,vicreg,random,celeb,celeb,celeb,test,278,5.707865087060982,3.7936530113220215,5.944314479827881,/workspace/landmark_probe/outputs/probe_runs/followup_50k_landmark_probe/celeb_within/geometry-fixedcompute-1m-vicreg-random-50ksteps/backbone__g4/best_probe.pt,,,,,,vicreg,random,1m,celeb,celeb,celeb,within,True,3.9886455535888667,2.5376884937286377,3.687822580337525,318,,
followup_50k_landmark_probe,celeb_within,baseline-imagenet,0,backbone,g4,32768,baseline,imagenet,celeb,celeb,celeb,test,159,12.637835711077914,8.323076248168945,12.998014450073242,/workspace/landmark_probe/outputs/probe_runs/followup_50k_landmark_probe/celeb_within/baseline-imagenet/backbone__g4/best_probe.pt,,,,,,baseline,imagenet,baseline,celeb,celeb,celeb,within,True,9.660913467407227,6.384853839874268,8.924335479736328,263,,
followup_50k_landmark_probe,celeb_within,geometry-fixedcompute-10k-infonce-imagenet-50ksteps,50000,backbone,g4,32768,infonce,imagenet,celeb,celeb,celeb,test,104,13.283551742470332,10.116537094116213,15.453535079956055,/workspace/landmark_probe/outputs/probe_runs/followup_50k_landmark_probe/celeb_within/geometry-fixedcompute-10k-infonce-imagenet-50ksteps/backbone__g4/best_probe.pt,,,,,,infonce,imagenet,10k,celeb,celeb,celeb,within,True,11.729509353637695,7.8008551597595215,10.43490982055664,358,,
followup_50k_landmark_probe,celeb_within,geometry-fixedcompute-100k-infonce-imagenet-50ksteps,50000,backbone,g4,32768,infonce,imagenet,celeb,celeb,celeb,test,545,6.6569355485217825,4.362241268157959,6.865628719329834,/workspace/landmark_probe/outputs/probe_runs/followup_50k_landmark_probe/celeb_within/geometry-fixedcompute-100k-infonce-imagenet-50ksteps/backbone__g4/best_probe.pt,,,,,,infonce,imagenet,100k,celeb,celeb,celeb,within,True,4.666220664978027,2.979553699493408,4.279738426208496,424,,
followup_50k_landmark_probe,celeb_within,geometry-fixedcompute-1m-infonce-imagenet-50ksteps,50000,backbone,g4,32768,infonce,imagenet,celeb,celeb,celeb,test,450,6.660763784835899,4.372105598449707,6.879059791564941,/workspace/landmark_probe/outputs/probe_runs/followup_50k_landmark_probe/celeb_within/geometry-fixedcompute-1m-infonce-imagenet-50ksteps/backbone__g4/best_probe.pt,,,,,,infonce,imagenet,1m,celeb,celeb,celeb,within,True,4.4774274826049805,2.853899478912353,4.439042091369629,299,,
followup_50k_landmark_probe,celeb_within,geometry-fixedcompute-10k-lejepa-imagenet-50ksteps,50000,backbone,g4,32768,lejepa,imagenet,celeb,celeb,celeb,test,500,11.766206668374315,7.708462715148926,12.127285957336426,/workspace/landmark_probe/outputs/probe_runs/followup_50k_landmark_probe/celeb_within/geometry-fixedcompute-10k-lejepa-imagenet-50ksteps/backbone__g4/best_probe.pt,,,,,,lejepa,imagenet,10k,celeb,celeb,celeb,within,True,8.72878360748291,5.691030979156494,9.014130592346193,341,,
followup_50k_landmark_probe,celeb_within,geometry-fixedcompute-100k-lejepa-imagenet-50ksteps,50000,backbone,g4,32768,lejepa,imagenet,celeb,celeb,celeb,test,369,7.924697021317612,5.335341930389403,8.351043701171875,/workspace/landmark_probe/outputs/probe_runs/followup_50k_landmark_probe/celeb_within/geometry-fixedcompute-100k-lejepa-imagenet-50ksteps/backbone__g4/best_probe.pt,,,,,,lejepa,imagenet,100k,celeb,celeb,celeb,within,True,6.14628791809082,3.97573184967041,5.452151298522949,226,,
followup_50k_landmark_probe,celeb_within,geometry-fixedcompute-1m-lejepa-imagenet-50ksteps,50000,backbone,g4,32768,lejepa,imagenet,celeb,celeb,celeb,test,277,7.86246519661992,5.22477912902832,8.201706886291504,/workspace/landmark_probe/outputs/probe_runs/followup_50k_landmark_probe/celeb_within/geometry-fixedcompute-1m-lejepa-imagenet-50ksteps/backbone__g4/best_probe.pt,,,,,,lejepa,imagenet,1m,celeb,celeb,celeb,within,True,5.66350793838501,3.640031337738037,5.04587459564209,372,,
followup_50k_landmark_probe,celeb_within,geometry-fixedcompute-10k-vicreg-imagenet-50ksteps,50000,backbone,g4,32768,vicreg,imagenet,celeb,celeb,celeb,test,376,9.720518685429473,6.234478950500487,9.696693420410156,/workspace/landmark_probe/outputs/probe_runs/followup_50k_landmark_probe/celeb_within/geometry-fixedcompute-10k-vicreg-imagenet-50ksteps/backbone__g4/best_probe.pt,,,,,,vicreg,imagenet,10k,celeb,celeb,celeb,within,True,6.474675178527832,4.1783857345581055,6.663674831390381,698,,
followup_50k_landmark_probe,celeb_within,geometry-fixedcompute-100k-vicreg-imagenet-50ksteps,50000,backbone,g4,32768,vicreg,imagenet,celeb,celeb,celeb,test,282,6.830241461269192,4.404986381530762,6.974747180938722,/workspace/landmark_probe/outputs/probe_runs/followup_50k_landmark_probe/celeb_within/geometry-fixedcompute-100k-vicreg-imagenet-50ksteps/backbone__g4/best_probe.pt,,,,,,vicreg,imagenet,100k,celeb,celeb,celeb,within,True,4.797965049743652,3.1047146320343018,4.574835777282715,401,,
followup_50k_landmark_probe,celeb_within,geometry-fixedcompute-1m-vicreg-imagenet-50ksteps,50000,backbone,g4,32768,vicreg,imagenet,celeb,celeb,celeb,test,421,6.777458224791647,4.482549667358398,7.076401233673097,/workspace/landmark_probe/outputs/probe_runs/followup_50k_landmark_probe/celeb_within/geometry-fixedcompute-1m-vicreg-imagenet-50ksteps/backbone__g4/best_probe.pt,,,,,,vicreg,imagenet,1m,celeb,celeb,celeb,within,True,4.632867336273193,2.9312260150909424,4.4683499336242685,538,,
external_vit_landmark_probe,celeb_within,baseline-dinov2-vitb14,0,patch_tokens,g4,12288,external_baseline,dinov2,celeb,celeb,celeb,test,313,6.2854035721450545,4.318778991699219,6.8580565452575675,/workspace/landmark_probe/outputs/probe_runs/external_vit_landmark_probe/celeb_within/baseline-dinov2-vitb14/patch_tokens__g4/best_probe.pt,dinov2,vitb14,14.0,LVD-142M,patch_tokens_g4,external_baseline,dinov2,baseline,celeb,celeb,celeb,within,True,3.857002973556519,2.4477572441101074,3.614746809005737,147,,
external_vit_landmark_probe,celeb_within,baseline-mae-vitb16-in1k-pretrain,0,patch_tokens,g4,12288,external_baseline,mae,celeb,celeb,celeb,test,421,6.516235239518796,4.428740501403809,6.964296817779541,/workspace/landmark_probe/outputs/probe_runs/external_vit_landmark_probe/celeb_within/baseline-mae-vitb16-in1k-pretrain/patch_tokens__g4/best_probe.pt,mae,vitb16,16.0,ImageNet-1K,patch_tokens_g4,external_baseline,mae,baseline,celeb,celeb,celeb,within,True,3.7807004451751713,2.382324457168579,3.638625144958496,630,,
followup_50k_landmark_probe,cfd_within,baseline-random,0,backbone,gap,2048,baseline,random,cfd,cfd,cfd,test,795,13.72930145263672,7.741965293884277,12.971769332885742,/workspace/landmark_probe/outputs/probe_runs/followup_50k_landmark_probe/cfd_within/baseline-random/backbone__gap/best_probe.pt,,,,,,baseline,random,baseline,cfd,cfd,cfd,within,True,12.971769332885742,7.741965293884277,13.72930145263672,795,,
followup_50k_landmark_probe,cfd_within,geometry-fixedcompute-10k-infonce-random-50ksteps,50000,backbone,gap,2048,infonce,random,cfd,cfd,cfd,test,985,5.629683494567871,3.7066636085510254,5.787199020385742,/workspace/landmark_probe/outputs/probe_runs/followup_50k_landmark_probe/cfd_within/geometry-fixedcompute-10k-infonce-random-50ksteps/backbone__gap/best_probe.pt,,,,,,infonce,random,10k,cfd,cfd,cfd,within,True,5.787199020385742,3.7066636085510254,5.629683494567871,985,,
followup_50k_landmark_probe,cfd_within,geometry-fixedcompute-100k-infonce-random-50ksteps,50000,backbone,gap,2048,infonce,random,cfd,cfd,cfd,test,961,4.88153076171875,3.1464080810546875,4.941577434539795,/workspace/landmark_probe/outputs/probe_runs/followup_50k_landmark_probe/cfd_within/geometry-fixedcompute-100k-infonce-random-50ksteps/backbone__gap/best_probe.pt,,,,,,infonce,random,100k,cfd,cfd,cfd,within,True,4.941577434539795,3.1464080810546875,4.88153076171875,961,,
followup_50k_landmark_probe,cfd_within,geometry-fixedcompute-1m-infonce-random-50ksteps,50000,backbone,gap,2048,infonce,random,cfd,cfd,cfd,test,975,5.134476661682129,3.4052155017852783,5.346963882446289,/workspace/landmark_probe/outputs/probe_runs/followup_50k_landmark_probe/cfd_within/geometry-fixedcompute-1m-infonce-random-50ksteps/backbone__gap/best_probe.pt,,,,,,infonce,random,1m,cfd,cfd,cfd,within,True,5.346963882446289,3.4052155017852783,5.134476661682129,975,,
followup_50k_landmark_probe,cfd_within,geometry-fixedcompute-10k-lejepa-random-50ksteps,50000,backbone,gap,2048,lejepa,random,cfd,cfd,cfd,test,984,6.580477714538574,4.250659942626953,6.622581958770753,/workspace/landmark_probe/outputs/probe_runs/followup_50k_landmark_probe/cfd_within/geometry-fixedcompute-10k-lejepa-random-50ksteps/backbone__gap/best_probe.pt,,,,,,lejepa,random,10k,cfd,cfd,cfd,within,True,6.622581958770753,4.250659942626953,6.580477714538574,984,,
followup_50k_landmark_probe,cfd_within,geometry-fixedcompute-100k-lejepa-random-50ksteps,50000,backbone,gap,2048,lejepa,random,cfd,cfd,cfd,test,981,6.437655925750732,4.255705833435059,6.693324089050293,/workspace/landmark_probe/outputs/probe_runs/followup_50k_landmark_probe/cfd_within/geometry-fixedcompute-100k-lejepa-random-50ksteps/backbone__gap/best_probe.pt,,,,,,lejepa,random,100k,cfd,cfd,cfd,within,True,6.693324089050293,4.255705833435059,6.437655925750732,981,,
followup_50k_landmark_probe,cfd_within,geometry-fixedcompute-1m-lejepa-random-50ksteps,50000,backbone,gap,2048,lejepa,random,cfd,cfd,cfd,test,949,5.6525630950927725,3.7931699752807617,5.975046157836914,/workspace/landmark_probe/outputs/probe_runs/followup_50k_landmark_probe/cfd_within/geometry-fixedcompute-1m-lejepa-random-50ksteps/backbone__gap/best_probe.pt,,,,,,lejepa,random,1m,cfd,cfd,cfd,within,True,5.975046157836914,3.7931699752807617,5.6525630950927725,949,,
followup_50k_landmark_probe,cfd_within,geometry-fixedcompute-10k-vicreg-random-50ksteps,50000,backbone,gap,2048,vicreg,random,cfd,cfd,cfd,test,999,5.312017917633057,3.5886240005493164,5.671750545501709,/workspace/landmark_probe/outputs/probe_runs/followup_50k_landmark_probe/cfd_within/geometry-fixedcompute-10k-vicreg-random-50ksteps/backbone__gap/best_probe.pt,,,,,,vicreg,random,10k,cfd,cfd,cfd,within,True,5.671750545501709,3.5886240005493164,5.312017917633057,999,,
followup_50k_landmark_probe,cfd_within,geometry-fixedcompute-100k-vicreg-random-50ksteps,50000,backbone,gap,2048,vicreg,random,cfd,cfd,cfd,test,957,4.949226379394531,3.0976579189300537,4.849979877471924,/workspace/landmark_probe/outputs/probe_runs/followup_50k_landmark_probe/cfd_within/geometry-fixedcompute-100k-vicreg-random-50ksteps/backbone__gap/best_probe.pt,,,,,,vicreg,random,100k,cfd,cfd,cfd,within,True,4.849979877471924,3.0976579189300537,4.949226379394531,957,,
followup_50k_landmark_probe,cfd_within,geometry-fixedcompute-1m-vicreg-random-50ksteps,50000,backbone,gap,2048,vicreg,random,cfd,cfd,cfd,test,1000,4.948784828186035,3.2320435047149663,5.064306259155273,/workspace/landmark_probe/outputs/probe_runs/followup_50k_landmark_probe/cfd_within/geometry-fixedcompute-1m-vicreg-random-50ksteps/backbone__gap/best_probe.pt,,,,,,vicreg,random,1m,cfd,cfd,cfd,within,True,5.064306259155273,3.2320435047149663,4.948784828186035,1000,,
followup_50k_landmark_probe,cfd_within,baseline-imagenet,0,backbone,gap,2048,baseline,imagenet,cfd,cfd,cfd,test,802,12.257145881652832,7.262882709503174,11.655435562133787,/workspace/landmark_probe/outputs/probe_runs/followup_50k_landmark_probe/cfd_within/baseline-imagenet/backbone__gap/best_probe.pt,,,,,,baseline,imagenet,baseline,cfd,cfd,cfd,within,True,11.655435562133787,7.262882709503174,12.257145881652832,802,,
followup_50k_landmark_probe,cfd_within,geometry-fixedcompute-10k-infonce-imagenet-50ksteps,50000,backbone,gap,2048,infonce,imagenet,cfd,cfd,cfd,test,925,12.378300666809082,8.383938789367676,13.284772872924805,/workspace/landmark_probe/outputs/probe_runs/followup_50k_landmark_probe/cfd_within/geometry-fixedcompute-10k-infonce-imagenet-50ksteps/backbone__gap/best_probe.pt,,,,,,infonce,imagenet,10k,cfd,cfd,cfd,within,True,13.284772872924805,8.383938789367676,12.378300666809082,925,,
followup_50k_landmark_probe,cfd_within,geometry-fixedcompute-100k-infonce-imagenet-50ksteps,50000,backbone,gap,2048,infonce,imagenet,cfd,cfd,cfd,test,969,7.085031032562256,4.347504138946533,6.826277256011963,/workspace/landmark_probe/outputs/probe_runs/followup_50k_landmark_probe/cfd_within/geometry-fixedcompute-100k-infonce-imagenet-50ksteps/backbone__gap/best_probe.pt,,,,,,infonce,imagenet,100k,cfd,cfd,cfd,within,True,6.826277256011963,4.347504138946533,7.085031032562256,969,,
followup_50k_landmark_probe,cfd_within,geometry-fixedcompute-1m-infonce-imagenet-50ksteps,50000,backbone,gap,2048,infonce,imagenet,cfd,cfd,cfd,test,996,7.221372127532959,4.467141151428223,7.050218105316162,/workspace/landmark_probe/outputs/probe_runs/followup_50k_landmark_probe/cfd_within/geometry-fixedcompute-1m-infonce-imagenet-50ksteps/backbone__gap/best_probe.pt,,,,,,infonce,imagenet,1m,cfd,cfd,cfd,within,True,7.050218105316162,4.467141151428223,7.221372127532959,996,,
followup_50k_landmark_probe,cfd_within,geometry-fixedcompute-10k-lejepa-imagenet-50ksteps,50000,backbone,gap,2048,lejepa,imagenet,cfd,cfd,cfd,test,901,10.604616165161133,6.964212894439697,11.052496910095217,/workspace/landmark_probe/outputs/probe_runs/followup_50k_landmark_probe/cfd_within/geometry-fixedcompute-10k-lejepa-imagenet-50ksteps/backbone__gap/best_probe.pt,,,,,,lejepa,imagenet,10k,cfd,cfd,cfd,within,True,11.052496910095217,6.964212894439697,10.604616165161133,901,,
followup_50k_landmark_probe,cfd_within,geometry-fixedcompute-100k-lejepa-imagenet-50ksteps,50000,backbone,gap,2048,lejepa,imagenet,cfd,cfd,cfd,test,939,8.073100090026855,5.31820011138916,8.481070518493652,/workspace/landmark_probe/outputs/probe_runs/followup_50k_landmark_probe/cfd_within/geometry-fixedcompute-100k-lejepa-imagenet-50ksteps/backbone__gap/best_probe.pt,,,,,,lejepa,imagenet,100k,cfd,cfd,cfd,within,True,8.481070518493652,5.31820011138916,8.073100090026855,939,,
followup_50k_landmark_probe,cfd_within,geometry-fixedcompute-1m-lejepa-imagenet-50ksteps,50000,backbone,gap,2048,lejepa,imagenet,cfd,cfd,cfd,test,992,8.020255088806152,4.963332176208496,7.914156436920166,/workspace/landmark_probe/outputs/probe_runs/followup_50k_landmark_probe/cfd_within/geometry-fixedcompute-1m-lejepa-imagenet-50ksteps/backbone__gap/best_probe.pt,,,,,,lejepa,imagenet,1m,cfd,cfd,cfd,within,True,7.914156436920166,4.963332176208496,8.020255088806152,992,,
followup_50k_landmark_probe,cfd_within,geometry-fixedcompute-10k-vicreg-imagenet-50ksteps,50000,backbone,gap,2048,vicreg,imagenet,cfd,cfd,cfd,test,982,8.97541332244873,5.6964263916015625,9.008071899414062,/workspace/landmark_probe/outputs/probe_runs/followup_50k_landmark_probe/cfd_within/geometry-fixedcompute-10k-vicreg-imagenet-50ksteps/backbone__gap/best_probe.pt,,,,,,vicreg,imagenet,10k,cfd,cfd,cfd,within,True,9.008071899414062,5.6964263916015625,8.97541332244873,982,,
followup_50k_landmark_probe,cfd_within,geometry-fixedcompute-100k-vicreg-imagenet-50ksteps,50000,backbone,gap,2048,vicreg,imagenet,cfd,cfd,cfd,test,999,7.111922264099121,4.5073771476745605,7.173373222351074,/workspace/landmark_probe/outputs/probe_runs/followup_50k_landmark_probe/cfd_within/geometry-fixedcompute-100k-vicreg-imagenet-50ksteps/backbone__gap/best_probe.pt,,,,,,vicreg,imagenet,100k,cfd,cfd,cfd,within,True,7.173373222351074,4.5073771476745605,7.111922264099121,999,,
followup_50k_landmark_probe,cfd_within,geometry-fixedcompute-1m-vicreg-imagenet-50ksteps,50000,backbone,gap,2048,vicreg,imagenet,cfd,cfd,cfd,test,996,7.4894633293151855,4.8062710762023935,7.609627723693848,/workspace/landmark_probe/outputs/probe_runs/followup_50k_landmark_probe/cfd_within/geometry-fixedcompute-1m-vicreg-imagenet-50ksteps/backbone__gap/best_probe.pt,,,,,,vicreg,imagenet,1m,cfd,cfd,cfd,within,True,7.609627723693848,4.8062710762023935,7.4894633293151855,996,,
followup_50k_landmark_probe,cfd_within,geometry-fixedcompute-10k-infonce-random-50ksteps,50000,backbone,g2,8192,infonce,random,cfd,cfd,cfd,test,635,4.3258867263793945,3.269702434539795,5.061584949493408,/workspace/landmark_probe/outputs/probe_runs/followup_50k_landmark_probe/cfd_within/geometry-fixedcompute-10k-infonce-random-50ksteps/backbone__g2/best_probe.pt,,,,,,infonce,random,10k,cfd,cfd,cfd,within,True,5.061584949493408,3.269702434539795,4.3258867263793945,635,,
followup_50k_landmark_probe,cfd_within,geometry-fixedcompute-100k-infonce-random-50ksteps,50000,backbone,g2,8192,infonce,random,cfd,cfd,cfd,test,637,3.7323181629180913,2.528900146484375,3.9846570491790767,/workspace/landmark_probe/outputs/probe_runs/followup_50k_landmark_probe/cfd_within/geometry-fixedcompute-100k-infonce-random-50ksteps/backbone__g2/best_probe.pt,,,,,,infonce,random,100k,cfd,cfd,cfd,within,True,3.9846570491790767,2.528900146484375,3.7323181629180913,637,,
followup_50k_landmark_probe,cfd_within,geometry-fixedcompute-1m-infonce-random-50ksteps,50000,backbone,g2,8192,infonce,random,cfd,cfd,cfd,test,585,3.933302164077759,2.7448506355285645,4.305221557617188,/workspace/landmark_probe/outputs/probe_runs/followup_50k_landmark_probe/cfd_within/geometry-fixedcompute-1m-infonce-random-50ksteps/backbone__g2/best_probe.pt,,,,,,infonce,random,1m,cfd,cfd,cfd,within,True,4.305221557617188,2.7448506355285645,3.933302164077759,585,,
followup_50k_landmark_probe,cfd_within,geometry-fixedcompute-10k-lejepa-random-50ksteps,50000,backbone,g2,8192,lejepa,random,cfd,cfd,cfd,test,582,4.221357345581056,2.8498404026031494,4.508086681365967,/workspace/landmark_probe/outputs/probe_runs/followup_50k_landmark_probe/cfd_within/geometry-fixedcompute-10k-lejepa-random-50ksteps/backbone__g2/best_probe.pt,,,,,,lejepa,random,10k,cfd,cfd,cfd,within,True,4.508086681365967,2.8498404026031494,4.221357345581056,582,,
followup_50k_landmark_probe,cfd_within,geometry-fixedcompute-100k-lejepa-random-50ksteps,50000,backbone,g2,8192,lejepa,random,cfd,cfd,cfd,test,713,4.042559623718262,2.713167905807495,4.290497303009033,/workspace/landmark_probe/outputs/probe_runs/followup_50k_landmark_probe/cfd_within/geometry-fixedcompute-100k-lejepa-random-50ksteps/backbone__g2/best_probe.pt,,,,,,lejepa,random,100k,cfd,cfd,cfd,within,True,4.290497303009033,2.713167905807495,4.042559623718262,713,,
followup_50k_landmark_probe,cfd_within,geometry-fixedcompute-1m-lejepa-random-50ksteps,50000,backbone,g2,8192,lejepa,random,cfd,cfd,cfd,test,950,3.9518094062805176,2.797069311141968,4.3778629302978525,/workspace/landmark_probe/outputs/probe_runs/followup_50k_landmark_probe/cfd_within/geometry-fixedcompute-1m-lejepa-random-50ksteps/backbone__g2/best_probe.pt,,,,,,lejepa,random,1m,cfd,cfd,cfd,within,True,4.3778629302978525,2.797069311141968,3.9518094062805176,950,,
followup_50k_landmark_probe,cfd_within,geometry-fixedcompute-10k-vicreg-random-50ksteps,50000,backbone,g2,8192,vicreg,random,cfd,cfd,cfd,test,336,4.19521427154541,2.9323012828826904,4.616307258605957,/workspace/landmark_probe/outputs/probe_runs/followup_50k_landmark_probe/cfd_within/geometry-fixedcompute-10k-vicreg-random-50ksteps/backbone__g2/best_probe.pt,,,,,,vicreg,random,10k,cfd,cfd,cfd,within,True,4.616307258605957,2.9323012828826904,4.19521427154541,336,,
followup_50k_landmark_probe,cfd_within,geometry-fixedcompute-100k-vicreg-random-50ksteps,50000,backbone,g2,8192,vicreg,random,cfd,cfd,cfd,test,427,3.8295087814331055,2.6336681842803955,4.1666202545166025,/workspace/landmark_probe/outputs/probe_runs/followup_50k_landmark_probe/cfd_within/geometry-fixedcompute-100k-vicreg-random-50ksteps/backbone__g2/best_probe.pt,,,,,,vicreg,random,100k,cfd,cfd,cfd,within,True,4.1666202545166025,2.6336681842803955,3.8295087814331055,427,,
followup_50k_landmark_probe,cfd_within,geometry-fixedcompute-1m-vicreg-random-50ksteps,50000,backbone,g2,8192,vicreg,random,cfd,cfd,cfd,test,493,3.6701471805572514,2.5202910900115967,3.979112386703491,/workspace/landmark_probe/outputs/probe_runs/followup_50k_landmark_probe/cfd_within/geometry-fixedcompute-1m-vicreg-random-50ksteps/backbone__g2/best_probe.pt,,,,,,vicreg,random,1m,cfd,cfd,cfd,within,True,3.979112386703491,2.5202910900115967,3.6701471805572514,493,,
followup_50k_landmark_probe,cfd_within,geometry-fixedcompute-10k-infonce-imagenet-50ksteps,50000,backbone,g2,8192,infonce,imagenet,cfd,cfd,cfd,test,286,11.392250061035154,8.129384994506836,12.28904914855957,/workspace/landmark_probe/outputs/probe_runs/followup_50k_landmark_probe/cfd_within/geometry-fixedcompute-10k-infonce-imagenet-50ksteps/backbone__g2/best_probe.pt,,,,,,infonce,imagenet,10k,cfd,cfd,cfd,within,True,12.28904914855957,8.129384994506836,11.392250061035154,286,,
followup_50k_landmark_probe,cfd_within,geometry-fixedcompute-100k-infonce-imagenet-50ksteps,50000,backbone,g2,8192,infonce,imagenet,cfd,cfd,cfd,test,687,4.232983589172363,2.7962238788604736,4.4009108543396,/workspace/landmark_probe/outputs/probe_runs/followup_50k_landmark_probe/cfd_within/geometry-fixedcompute-100k-infonce-imagenet-50ksteps/backbone__g2/best_probe.pt,,,,,,infonce,imagenet,100k,cfd,cfd,cfd,within,True,4.4009108543396,2.7962238788604736,4.232983589172363,687,,
followup_50k_landmark_probe,cfd_within,geometry-fixedcompute-1m-infonce-imagenet-50ksteps,50000,backbone,g2,8192,infonce,imagenet,cfd,cfd,cfd,test,986,4.171798706054688,2.771768093109131,4.354203224182129,/workspace/landmark_probe/outputs/probe_runs/followup_50k_landmark_probe/cfd_within/geometry-fixedcompute-1m-infonce-imagenet-50ksteps/backbone__g2/best_probe.pt,,,,,,infonce,imagenet,1m,cfd,cfd,cfd,within,True,4.354203224182129,2.771768093109131,4.171798706054688,986,,
followup_50k_landmark_probe,cfd_within,geometry-fixedcompute-10k-lejepa-imagenet-50ksteps,50000,backbone,g2,8192,lejepa,imagenet,cfd,cfd,cfd,test,380,9.658945083618164,6.329270362854004,9.729727745056152,/workspace/landmark_probe/outputs/probe_runs/followup_50k_landmark_probe/cfd_within/geometry-fixedcompute-10k-lejepa-imagenet-50ksteps/backbone__g2/best_probe.pt,,,,,,lejepa,imagenet,10k,cfd,cfd,cfd,within,True,9.729727745056152,6.329270362854004,9.658945083618164,380,,
followup_50k_landmark_probe,cfd_within,geometry-fixedcompute-100k-lejepa-imagenet-50ksteps,50000,backbone,g2,8192,lejepa,imagenet,cfd,cfd,cfd,test,572,5.611581802368164,4.180325508117677,6.466445446014403,/workspace/landmark_probe/outputs/probe_runs/followup_50k_landmark_probe/cfd_within/geometry-fixedcompute-100k-lejepa-imagenet-50ksteps/backbone__g2/best_probe.pt,,,,,,lejepa,imagenet,100k,cfd,cfd,cfd,within,True,6.466445446014403,4.180325508117677,5.611581802368164,572,,
followup_50k_landmark_probe,cfd_within,geometry-fixedcompute-1m-lejepa-imagenet-50ksteps,50000,backbone,g2,8192,lejepa,imagenet,cfd,cfd,cfd,test,609,5.1294941902160645,3.7318236827850337,5.8230552673339835,/workspace/landmark_probe/outputs/probe_runs/followup_50k_landmark_probe/cfd_within/geometry-fixedcompute-1m-lejepa-imagenet-50ksteps/backbone__g2/best_probe.pt,,,,,,lejepa,imagenet,1m,cfd,cfd,cfd,within,True,5.8230552673339835,3.7318236827850337,5.1294941902160645,609,,
followup_50k_landmark_probe,cfd_within,geometry-fixedcompute-10k-vicreg-imagenet-50ksteps,50000,backbone,g2,8192,vicreg,imagenet,cfd,cfd,cfd,test,587,6.241809368133545,4.059271335601807,6.383216857910156,/workspace/landmark_probe/outputs/probe_runs/followup_50k_landmark_probe/cfd_within/geometry-fixedcompute-10k-vicreg-imagenet-50ksteps/backbone__g2/best_probe.pt,,,,,,vicreg,imagenet,10k,cfd,cfd,cfd,within,True,6.383216857910156,4.059271335601807,6.241809368133545,587,,
followup_50k_landmark_probe,cfd_within,geometry-fixedcompute-100k-vicreg-imagenet-50ksteps,50000,backbone,g2,8192,vicreg,imagenet,cfd,cfd,cfd,test,875,4.419285297393799,2.975670576095581,4.703991889953613,/workspace/landmark_probe/outputs/probe_runs/followup_50k_landmark_probe/cfd_within/geometry-fixedcompute-100k-vicreg-imagenet-50ksteps/backbone__g2/best_probe.pt,,,,,,vicreg,imagenet,100k,cfd,cfd,cfd,within,True,4.703991889953613,2.975670576095581,4.419285297393799,875,,
followup_50k_landmark_probe,cfd_within,geometry-fixedcompute-1m-vicreg-imagenet-50ksteps,50000,backbone,g2,8192,vicreg,imagenet,cfd,cfd,cfd,test,928,4.331865787506104,2.963670253753662,4.674047946929932,/workspace/landmark_probe/outputs/probe_runs/followup_50k_landmark_probe/cfd_within/geometry-fixedcompute-1m-vicreg-imagenet-50ksteps/backbone__g2/best_probe.pt,,,,,,vicreg,imagenet,1m,cfd,cfd,cfd,within,True,4.674047946929932,2.963670253753662,4.331865787506104,928,,
followup_50k_landmark_probe,cfd_within,baseline-random,0,backbone,g4,32768,baseline,random,cfd,cfd,cfd,test,327,8.979241371154785,5.592645645141602,9.330357551574707,/workspace/landmark_probe/outputs/probe_runs/followup_50k_landmark_probe/cfd_within/baseline-random/backbone__g4/best_probe.pt,,,,,,baseline,random,baseline,cfd,cfd,cfd,within,True,9.330357551574707,5.592645645141602,8.979241371154785,327,,
followup_50k_landmark_probe,cfd_within,geometry-fixedcompute-10k-infonce-random-50ksteps,50000,backbone,g4,32768,infonce,random,cfd,cfd,cfd,test,347,4.309503078460693,3.5118162631988525,5.410127639770508,/workspace/landmark_probe/outputs/probe_runs/followup_50k_landmark_probe/cfd_within/geometry-fixedcompute-10k-infonce-random-50ksteps/backbone__g4/best_probe.pt,,,,,,infonce,random,10k,cfd,cfd,cfd,within,True,5.410127639770508,3.5118162631988525,4.309503078460693,347,,
followup_50k_landmark_probe,cfd_within,geometry-fixedcompute-100k-infonce-random-50ksteps,50000,backbone,g4,32768,infonce,random,cfd,cfd,cfd,test,197,3.83331036567688,2.5452229976654053,4.025519371032715,/workspace/landmark_probe/outputs/probe_runs/followup_50k_landmark_probe/cfd_within/geometry-fixedcompute-100k-infonce-random-50ksteps/backbone__g4/best_probe.pt,,,,,,infonce,random,100k,cfd,cfd,cfd,within,True,4.025519371032715,2.5452229976654053,3.83331036567688,197,,
followup_50k_landmark_probe,cfd_within,geometry-fixedcompute-1m-infonce-random-50ksteps,50000,backbone,g4,32768,infonce,random,cfd,cfd,cfd,test,180,4.044797420501709,3.2018959522247314,4.9530229568481445,/workspace/landmark_probe/outputs/probe_runs/followup_50k_landmark_probe/cfd_within/geometry-fixedcompute-1m-infonce-random-50ksteps/backbone__g4/best_probe.pt,,,,,,infonce,random,1m,cfd,cfd,cfd,within,True,4.9530229568481445,3.2018959522247314,4.044797420501709,180,,
followup_50k_landmark_probe,cfd_within,geometry-fixedcompute-10k-lejepa-random-50ksteps,50000,backbone,g4,32768,lejepa,random,cfd,cfd,cfd,test,424,4.060436248779297,2.646048069000244,4.160947799682616,/workspace/landmark_probe/outputs/probe_runs/followup_50k_landmark_probe/cfd_within/geometry-fixedcompute-10k-lejepa-random-50ksteps/backbone__g4/best_probe.pt,,,,,,lejepa,random,10k,cfd,cfd,cfd,within,True,4.160947799682616,2.646048069000244,4.060436248779297,424,,
followup_50k_landmark_probe,cfd_within,geometry-fixedcompute-100k-lejepa-random-50ksteps,50000,backbone,g4,32768,lejepa,random,cfd,cfd,cfd,test,450,3.948544025421143,2.571373701095581,4.047849655151366,/workspace/landmark_probe/outputs/probe_runs/followup_50k_landmark_probe/cfd_within/geometry-fixedcompute-100k-lejepa-random-50ksteps/backbone__g4/best_probe.pt,,,,,,lejepa,random,100k,cfd,cfd,cfd,within,True,4.047849655151366,2.571373701095581,3.948544025421143,450,,
followup_50k_landmark_probe,cfd_within,geometry-fixedcompute-1m-lejepa-random-50ksteps,50000,backbone,g4,32768,lejepa,random,cfd,cfd,cfd,test,347,4.1169538497924805,2.667404890060425,4.199650287628174,/workspace/landmark_probe/outputs/probe_runs/followup_50k_landmark_probe/cfd_within/geometry-fixedcompute-1m-lejepa-random-50ksteps/backbone__g4/best_probe.pt,,,,,,lejepa,random,1m,cfd,cfd,cfd,within,True,4.199650287628174,2.667404890060425,4.1169538497924805,347,,
followup_50k_landmark_probe,cfd_within,geometry-fixedcompute-10k-vicreg-random-50ksteps,50000,backbone,g4,32768,vicreg,random,cfd,cfd,cfd,test,263,4.070761203765868,3.168797016143799,4.9142680168151855,/workspace/landmark_probe/outputs/probe_runs/followup_50k_landmark_probe/cfd_within/geometry-fixedcompute-10k-vicreg-random-50ksteps/backbone__g4/best_probe.pt,,,,,,vicreg,random,10k,cfd,cfd,cfd,within,True,4.9142680168151855,3.168797016143799,4.070761203765868,263,,
followup_50k_landmark_probe,cfd_within,geometry-fixedcompute-100k-vicreg-random-50ksteps,50000,backbone,g4,32768,vicreg,random,cfd,cfd,cfd,test,294,3.7638401985168457,2.508047103881836,3.937283754348755,/workspace/landmark_probe/outputs/probe_runs/followup_50k_landmark_probe/cfd_within/geometry-fixedcompute-100k-vicreg-random-50ksteps/backbone__g4/best_probe.pt,,,,,,vicreg,random,100k,cfd,cfd,cfd,within,True,3.937283754348755,2.508047103881836,3.7638401985168457,294,,
followup_50k_landmark_probe,cfd_within,geometry-fixedcompute-1m-vicreg-random-50ksteps,50000,backbone,g4,32768,vicreg,random,cfd,cfd,cfd,test,318,3.687822580337525,2.5376884937286377,3.9886455535888667,/workspace/landmark_probe/outputs/probe_runs/followup_50k_landmark_probe/cfd_within/geometry-fixedcompute-1m-vicreg-random-50ksteps/backbone__g4/best_probe.pt,,,,,,vicreg,random,1m,cfd,cfd,cfd,within,True,3.9886455535888667,2.5376884937286377,3.687822580337525,318,,
followup_50k_landmark_probe,cfd_within,baseline-imagenet,0,backbone,g4,32768,baseline,imagenet,cfd,cfd,cfd,test,263,8.924335479736328,6.384853839874268,9.660913467407227,/workspace/landmark_probe/outputs/probe_runs/followup_50k_landmark_probe/cfd_within/baseline-imagenet/backbone__g4/best_probe.pt,,,,,,baseline,imagenet,baseline,cfd,cfd,cfd,within,True,9.660913467407227,6.384853839874268,8.924335479736328,263,,
followup_50k_landmark_probe,cfd_within,geometry-fixedcompute-10k-infonce-imagenet-50ksteps,50000,backbone,g4,32768,infonce,imagenet,cfd,cfd,cfd,test,358,10.43490982055664,7.8008551597595215,11.729509353637695,/workspace/landmark_probe/outputs/probe_runs/followup_50k_landmark_probe/cfd_within/geometry-fixedcompute-10k-infonce-imagenet-50ksteps/backbone__g4/best_probe.pt,,,,,,infonce,imagenet,10k,cfd,cfd,cfd,within,True,11.729509353637695,7.8008551597595215,10.43490982055664,358,,
followup_50k_landmark_probe,cfd_within,geometry-fixedcompute-100k-infonce-imagenet-50ksteps,50000,backbone,g4,32768,infonce,imagenet,cfd,cfd,cfd,test,424,4.279738426208496,2.979553699493408,4.666220664978027,/workspace/landmark_probe/outputs/probe_runs/followup_50k_landmark_probe/cfd_within/geometry-fixedcompute-100k-infonce-imagenet-50ksteps/backbone__g4/best_probe.pt,,,,,,infonce,imagenet,100k,cfd,cfd,cfd,within,True,4.666220664978027,2.979553699493408,4.279738426208496,424,,
followup_50k_landmark_probe,cfd_within,geometry-fixedcompute-1m-infonce-imagenet-50ksteps,50000,backbone,g4,32768,infonce,imagenet,cfd,cfd,cfd,test,299,4.439042091369629,2.853899478912353,4.4774274826049805,/workspace/landmark_probe/outputs/probe_runs/followup_50k_landmark_probe/cfd_within/geometry-fixedcompute-1m-infonce-imagenet-50ksteps/backbone__g4/best_probe.pt,,,,,,infonce,imagenet,1m,cfd,cfd,cfd,within,True,4.4774274826049805,2.853899478912353,4.439042091369629,299,,
followup_50k_landmark_probe,cfd_within,geometry-fixedcompute-10k-lejepa-imagenet-50ksteps,50000,backbone,g4,32768,lejepa,imagenet,cfd,cfd,cfd,test,341,9.014130592346193,5.691030979156494,8.72878360748291,/workspace/landmark_probe/outputs/probe_runs/followup_50k_landmark_probe/cfd_within/geometry-fixedcompute-10k-lejepa-imagenet-50ksteps/backbone__g4/best_probe.pt,,,,,,lejepa,imagenet,10k,cfd,cfd,cfd,within,True,8.72878360748291,5.691030979156494,9.014130592346193,341,,
followup_50k_landmark_probe,cfd_within,geometry-fixedcompute-100k-lejepa-imagenet-50ksteps,50000,backbone,g4,32768,lejepa,imagenet,cfd,cfd,cfd,test,226,5.452151298522949,3.97573184967041,6.14628791809082,/workspace/landmark_probe/outputs/probe_runs/followup_50k_landmark_probe/cfd_within/geometry-fixedcompute-100k-lejepa-imagenet-50ksteps/backbone__g4/best_probe.pt,,,,,,lejepa,imagenet,100k,cfd,cfd,cfd,within,True,6.14628791809082,3.97573184967041,5.452151298522949,226,,
followup_50k_landmark_probe,cfd_within,geometry-fixedcompute-1m-lejepa-imagenet-50ksteps,50000,backbone,g4,32768,lejepa,imagenet,cfd,cfd,cfd,test,372,5.04587459564209,3.640031337738037,5.66350793838501,/workspace/landmark_probe/outputs/probe_runs/followup_50k_landmark_probe/cfd_within/geometry-fixedcompute-1m-lejepa-imagenet-50ksteps/backbone__g4/best_probe.pt,,,,,,lejepa,imagenet,1m,cfd,cfd,cfd,within,True,5.66350793838501,3.640031337738037,5.04587459564209,372,,
followup_50k_landmark_probe,cfd_within,geometry-fixedcompute-10k-vicreg-imagenet-50ksteps,50000,backbone,g4,32768,vicreg,imagenet,cfd,cfd,cfd,test,698,6.663674831390381,4.1783857345581055,6.474675178527832,/workspace/landmark_probe/outputs/probe_runs/followup_50k_landmark_probe/cfd_within/geometry-fixedcompute-10k-vicreg-imagenet-50ksteps/backbone__g4/best_probe.pt,,,,,,vicreg,imagenet,10k,cfd,cfd,cfd,within,True,6.474675178527832,4.1783857345581055,6.663674831390381,698,,
followup_50k_landmark_probe,cfd_within,geometry-fixedcompute-100k-vicreg-imagenet-50ksteps,50000,backbone,g4,32768,vicreg,imagenet,cfd,cfd,cfd,test,401,4.574835777282715,3.1047146320343018,4.797965049743652,/workspace/landmark_probe/outputs/probe_runs/followup_50k_landmark_probe/cfd_within/geometry-fixedcompute-100k-vicreg-imagenet-50ksteps/backbone__g4/best_probe.pt,,,,,,vicreg,imagenet,100k,cfd,cfd,cfd,within,True,4.797965049743652,3.1047146320343018,4.574835777282715,401,,
followup_50k_landmark_probe,cfd_within,geometry-fixedcompute-1m-vicreg-imagenet-50ksteps,50000,backbone,g4,32768,vicreg,imagenet,cfd,cfd,cfd,test,538,4.4683499336242685,2.9312260150909424,4.632867336273193,/workspace/landmark_probe/outputs/probe_runs/followup_50k_landmark_probe/cfd_within/geometry-fixedcompute-1m-vicreg-imagenet-50ksteps/backbone__g4/best_probe.pt,,,,,,vicreg,imagenet,1m,cfd,cfd,cfd,within,True,4.632867336273193,2.9312260150909424,4.4683499336242685,538,,
external_vit_landmark_probe,cfd_within,baseline-dinov2-vitb14,0,patch_tokens,g4,12288,external_baseline,dinov2,cfd,cfd,cfd,test,147,3.614746809005737,2.4477572441101074,3.857002973556519,/workspace/landmark_probe/outputs/probe_runs/external_vit_landmark_probe/cfd_within/baseline-dinov2-vitb14/patch_tokens__g4/best_probe.pt,dinov2,vitb14,14.0,LVD-142M,patch_tokens_g4,external_baseline,dinov2,baseline,cfd,cfd,cfd,within,True,3.857002973556519,2.4477572441101074,3.614746809005737,147,,
external_vit_landmark_probe,cfd_within,baseline-mae-vitb16-in1k-pretrain,0,patch_tokens,g4,12288,external_baseline,mae,cfd,cfd,cfd,test,630,3.638625144958496,2.382324457168579,3.7807004451751713,/workspace/landmark_probe/outputs/probe_runs/external_vit_landmark_probe/cfd_within/baseline-mae-vitb16-in1k-pretrain/patch_tokens__g4/best_probe.pt,mae,vitb16,16.0,ImageNet-1K,patch_tokens_g4,external_baseline,mae,baseline,cfd,cfd,cfd,within,True,3.7807004451751713,2.382324457168579,3.638625144958496,630,,
followup_50k_landmark_probe,celeb_to_cfd,baseline-random,0,backbone,gap,2048,baseline,random,celeb,celeb,cfd,test,383,21.923476953975488,12.728951454162598,21.29400634765625,/workspace/landmark_probe/outputs/probe_runs/followup_50k_landmark_probe/celeb_to_cfd/baseline-random/backbone__gap/best_probe.pt,,,,,,baseline,random,baseline,celeb,celeb,cfd,transfer,True,12.971769332885742,7.741965293884277,13.72930145263672,795,8.322237014770508,1.6415652946951622
followup_50k_landmark_probe,celeb_to_cfd,geometry-fixedcompute-10k-infonce-random-50ksteps,50000,backbone,gap,2048,infonce,random,celeb,celeb,cfd,test,645,9.6202451883118,7.302658557891847,11.547938346862793,/workspace/landmark_probe/outputs/probe_runs/followup_50k_landmark_probe/celeb_to_cfd/geometry-fixedcompute-10k-infonce-random-50ksteps/backbone__gap/best_probe.pt,,,,,,infonce,random,10k,celeb,celeb,cfd,transfer,True,5.787199020385742,3.7066636085510254,5.629683494567871,985,5.760739326477051,1.9954278928691607
followup_50k_landmark_probe,celeb_to_cfd,geometry-fixedcompute-100k-infonce-random-50ksteps,50000,backbone,gap,2048,infonce,random,celeb,celeb,cfd,test,954,7.754186606798017,5.219107627868652,8.165347099304201,/workspace/landmark_probe/outputs/probe_runs/followup_50k_landmark_probe/celeb_to_cfd/geometry-fixedcompute-100k-infonce-random-50ksteps/backbone__gap/best_probe.pt,,,,,,infonce,random,100k,celeb,celeb,cfd,transfer,True,4.941577434539795,3.1464080810546875,4.88153076171875,961,3.223769664764406,1.6523766363006782
followup_50k_landmark_probe,celeb_to_cfd,geometry-fixedcompute-1m-infonce-random-50ksteps,50000,backbone,gap,2048,infonce,random,celeb,celeb,cfd,test,622,7.291503278284125,7.346496105194093,11.987998962402346,/workspace/landmark_probe/outputs/probe_runs/followup_50k_landmark_probe/celeb_to_cfd/geometry-fixedcompute-1m-infonce-random-50ksteps/backbone__gap/best_probe.pt,,,,,,infonce,random,1m,celeb,celeb,cfd,transfer,True,5.346963882446289,3.4052155017852783,5.134476661682129,975,6.6410350799560565,2.24201981273113
followup_50k_landmark_probe,celeb_to_cfd,geometry-fixedcompute-10k-lejepa-random-50ksteps,50000,backbone,gap,2048,lejepa,random,celeb,celeb,cfd,test,988,8.64124534690315,5.642782211303711,8.816362380981445,/workspace/landmark_probe/outputs/probe_runs/followup_50k_landmark_probe/celeb_to_cfd/geometry-fixedcompute-10k-lejepa-random-50ksteps/backbone__gap/best_probe.pt,,,,,,lejepa,random,10k,celeb,celeb,cfd,transfer,True,6.622581958770753,4.250659942626953,6.580477714538574,984,2.1937804222106925,1.3312575723287674
followup_50k_landmark_probe,celeb_to_cfd,geometry-fixedcompute-100k-lejepa-random-50ksteps,50000,backbone,gap,2048,lejepa,random,celeb,celeb,cfd,test,672,9.0486534097807,5.549038887023926,8.687082290649414,/workspace/landmark_probe/outputs/probe_runs/followup_50k_landmark_probe/celeb_to_cfd/geometry-fixedcompute-100k-lejepa-random-50ksteps/backbone__gap/best_probe.pt,,,,,,lejepa,random,100k,celeb,celeb,cfd,transfer,True,6.693324089050293,4.255705833435059,6.437655925750732,981,1.993758201599121,1.2978726526720468
followup_50k_landmark_probe,celeb_to_cfd,geometry-fixedcompute-1m-lejepa-random-50ksteps,50000,backbone,gap,2048,lejepa,random,celeb,celeb,cfd,test,975,8.221511434336179,5.9052796363830575,9.26611328125,/workspace/landmark_probe/outputs/probe_runs/followup_50k_landmark_probe/celeb_to_cfd/geometry-fixedcompute-1m-lejepa-random-50ksteps/backbone__gap/best_probe.pt,,,,,,lejepa,random,1m,celeb,celeb,cfd,transfer,True,5.975046157836914,3.7931699752807617,5.6525630950927725,949,3.291067123413086,1.5508019580897292
followup_50k_landmark_probe,celeb_to_cfd,geometry-fixedcompute-10k-vicreg-random-50ksteps,50000,backbone,gap,2048,vicreg,random,celeb,celeb,cfd,test,690,9.725991905712695,8.206962585449219,13.081254005432127,/workspace/landmark_probe/outputs/probe_runs/followup_50k_landmark_probe/celeb_to_cfd/geometry-fixedcompute-10k-vicreg-random-50ksteps/backbone__gap/best_probe.pt,,,,,,vicreg,random,10k,celeb,celeb,cfd,transfer,True,5.671750545501709,3.5886240005493164,5.312017917633057,999,7.409503459930418,2.306387402000063
followup_50k_landmark_probe,celeb_to_cfd,geometry-fixedcompute-100k-vicreg-random-50ksteps,50000,backbone,gap,2048,vicreg,random,celeb,celeb,cfd,test,481,8.095550677815421,4.947564125061035,7.763312816619872,/workspace/landmark_probe/outputs/probe_runs/followup_50k_landmark_probe/celeb_to_cfd/geometry-fixedcompute-100k-vicreg-random-50ksteps/backbone__gap/best_probe.pt,,,,,,vicreg,random,100k,celeb,celeb,cfd,transfer,True,4.849979877471924,3.0976579189300537,4.949226379394531,957,2.9133329391479483,1.6006896961944794
followup_50k_landmark_probe,celeb_to_cfd,geometry-fixedcompute-1m-vicreg-random-50ksteps,50000,backbone,gap,2048,vicreg,random,celeb,celeb,cfd,test,841,7.770836220412956,5.809752941131593,9.117411613464355,/workspace/landmark_probe/outputs/probe_runs/followup_50k_landmark_probe/celeb_to_cfd/geometry-fixedcompute-1m-vicreg-random-50ksteps/backbone__gap/best_probe.pt,,,,,,vicreg,random,1m,celeb,celeb,cfd,transfer,True,5.064306259155273,3.2320435047149663,4.948784828186035,1000,4.053105354309082,1.800327852799554
followup_50k_landmark_probe,celeb_to_cfd,baseline-imagenet,0,backbone,gap,2048,baseline,imagenet,celeb,celeb,cfd,test,361,21.32590628451989,12.531800270080565,20.57537269592285,/workspace/landmark_probe/outputs/probe_runs/followup_50k_landmark_probe/celeb_to_cfd/baseline-imagenet/backbone__gap/best_probe.pt,,,,,,baseline,imagenet,baseline,celeb,celeb,cfd,transfer,True,11.655435562133787,7.262882709503174,12.257145881652832,802,8.919937133789064,1.7653027710751696
followup_50k_landmark_probe,celeb_to_cfd,geometry-fixedcompute-10k-infonce-imagenet-50ksteps,50000,backbone,gap,2048,infonce,imagenet,celeb,celeb,cfd,test,54,25.53642321935768,14.674612998962402,23.86305427551269,/workspace/landmark_probe/outputs/probe_runs/followup_50k_landmark_probe/celeb_to_cfd/geometry-fixedcompute-10k-infonce-imagenet-50ksteps/backbone__gap/best_probe.pt,,,,,,infonce,imagenet,10k,celeb,celeb,cfd,transfer,True,13.284772872924805,8.383938789367676,12.378300666809082,925,10.578281402587887,1.7962711522262518
followup_50k_landmark_probe,celeb_to_cfd,geometry-fixedcompute-100k-infonce-imagenet-50ksteps,50000,backbone,gap,2048,infonce,imagenet,celeb,celeb,cfd,test,952,10.154680001931114,6.147989273071289,9.823704719543457,/workspace/landmark_probe/outputs/probe_runs/followup_50k_landmark_probe/celeb_to_cfd/geometry-fixedcompute-100k-infonce-imagenet-50ksteps/backbone__gap/best_probe.pt,,,,,,infonce,imagenet,100k,celeb,celeb,cfd,transfer,True,6.826277256011963,4.347504138946533,7.085031032562256,969,2.997427463531494,1.4391013360747447
followup_50k_landmark_probe,celeb_to_cfd,geometry-fixedcompute-1m-infonce-imagenet-50ksteps,50000,backbone,gap,2048,infonce,imagenet,celeb,celeb,cfd,test,991,10.216931718294738,5.934803485870361,9.576337814331056,/workspace/landmark_probe/outputs/probe_runs/followup_50k_landmark_probe/celeb_to_cfd/geometry-fixedcompute-1m-infonce-imagenet-50ksteps/backbone__gap/best_probe.pt,,,,,,infonce,imagenet,1m,celeb,celeb,cfd,transfer,True,7.050218105316162,4.467141151428223,7.221372127532959,996,2.5261197090148944,1.3583037675260137
followup_50k_landmark_probe,celeb_to_cfd,geometry-fixedcompute-10k-lejepa-imagenet-50ksteps,50000,backbone,gap,2048,lejepa,imagenet,celeb,celeb,cfd,test,351,19.770886530641647,13.438834190368652,22.0253963470459,/workspace/landmark_probe/outputs/probe_runs/followup_50k_landmark_probe/celeb_to_cfd/geometry-fixedcompute-10k-lejepa-imagenet-50ksteps/backbone__gap/best_probe.pt,,,,,,lejepa,imagenet,10k,celeb,celeb,cfd,transfer,True,11.052496910095217,6.964212894439697,10.604616165161133,901,10.972899436950682,1.9927982361097218
followup_50k_landmark_probe,celeb_to_cfd,geometry-fixedcompute-100k-lejepa-imagenet-50ksteps,50000,backbone,gap,2048,lejepa,imagenet,celeb,celeb,cfd,test,422,15.288518540846196,11.32259750366211,18.626262664794922,/workspace/landmark_probe/outputs/probe_runs/followup_50k_landmark_probe/celeb_to_cfd/geometry-fixedcompute-100k-lejepa-imagenet-50ksteps/backbone__gap/best_probe.pt,,,,,,lejepa,imagenet,100k,celeb,celeb,cfd,transfer,True,8.481070518493652,5.31820011138916,8.073100090026855,939,10.14519214630127,2.196215987613694
followup_50k_landmark_probe,celeb_to_cfd,geometry-fixedcompute-1m-lejepa-imagenet-50ksteps,50000,backbone,gap,2048,lejepa,imagenet,celeb,celeb,cfd,test,414,14.757466097347072,10.83993148803711,17.841094970703125,/workspace/landmark_probe/outputs/probe_runs/followup_50k_landmark_probe/celeb_to_cfd/geometry-fixedcompute-1m-lejepa-imagenet-50ksteps/backbone__gap/best_probe.pt,,,,,,lejepa,imagenet,1m,celeb,celeb,cfd,transfer,True,7.914156436920166,4.963332176208496,8.020255088806152,992,9.926938533782959,2.2543268019662848
followup_50k_landmark_probe,celeb_to_cfd,geometry-fixedcompute-10k-vicreg-imagenet-50ksteps,50000,backbone,gap,2048,vicreg,imagenet,celeb,celeb,cfd,test,510,16.503945157827577,10.494463920593262,17.14495849609375,/workspace/landmark_probe/outputs/probe_runs/followup_50k_landmark_probe/celeb_to_cfd/geometry-fixedcompute-10k-vicreg-imagenet-50ksteps/backbone__gap/best_probe.pt,,,,,,vicreg,imagenet,10k,celeb,celeb,cfd,transfer,True,9.008071899414062,5.6964263916015625,8.97541332244873,982,8.136886596679688,1.9032883715336417
followup_50k_landmark_probe,celeb_to_cfd,geometry-fixedcompute-100k-vicreg-imagenet-50ksteps,50000,backbone,gap,2048,vicreg,imagenet,celeb,celeb,cfd,test,931,10.164291605923346,6.165966510772705,9.79478645324707,/workspace/landmark_probe/outputs/probe_runs/followup_50k_landmark_probe/celeb_to_cfd/geometry-fixedcompute-100k-vicreg-imagenet-50ksteps/backbone__gap/best_probe.pt,,,,,,vicreg,imagenet,100k,celeb,celeb,cfd,transfer,True,7.173373222351074,4.5073771476745605,7.111922264099121,999,2.621413230895996,1.3654366153329505
followup_50k_landmark_probe,celeb_to_cfd,geometry-fixedcompute-1m-vicreg-imagenet-50ksteps,50000,backbone,gap,2048,vicreg,imagenet,celeb,celeb,cfd,test,986,10.496936964858426,6.648702621459961,10.705936431884766,/workspace/landmark_probe/outputs/probe_runs/followup_50k_landmark_probe/celeb_to_cfd/geometry-fixedcompute-1m-vicreg-imagenet-50ksteps/backbone__gap/best_probe.pt,,,,,,vicreg,imagenet,1m,celeb,celeb,cfd,transfer,True,7.609627723693848,4.8062710762023935,7.4894633293151855,996,3.096308708190918,1.4068935854181202
followup_50k_landmark_probe,celeb_to_cfd,baseline-random,0,backbone,g4,32768,baseline,random,celeb,celeb,cfd,test,84,16.376626572322323,8.388373374938965,14.244479179382324,/workspace/landmark_probe/outputs/probe_runs/followup_50k_landmark_probe/celeb_to_cfd/baseline-random/backbone__g4/best_probe.pt,,,,,,baseline,random,baseline,celeb,celeb,cfd,transfer,True,9.330357551574707,5.592645645141602,8.979241371154785,327,4.914121627807617,1.5266809552200118
followup_50k_landmark_probe,celeb_to_cfd,geometry-fixedcompute-10k-infonce-random-50ksteps,50000,backbone,g4,32768,infonce,random,celeb,celeb,cfd,test,214,6.4368305154185474,3.8187906742095943,5.98371171951294,/workspace/landmark_probe/outputs/probe_runs/followup_50k_landmark_probe/celeb_to_cfd/geometry-fixedcompute-10k-infonce-random-50ksteps/backbone__g4/best_probe.pt,,,,,,infonce,random,10k,celeb,celeb,cfd,transfer,True,5.410127639770508,3.5118162631988525,4.309503078460693,347,0.5735840797424325,1.1060204338851354
followup_50k_landmark_probe,celeb_to_cfd,geometry-fixedcompute-100k-infonce-random-50ksteps,50000,backbone,g4,32768,infonce,random,celeb,celeb,cfd,test,173,6.055478450379086,3.1145002841949463,4.919923782348633,/workspace/landmark_probe/outputs/probe_runs/followup_50k_landmark_probe/celeb_to_cfd/geometry-fixedcompute-100k-infonce-random-50ksteps/backbone__g4/best_probe.pt,,,,,,infonce,random,100k,celeb,celeb,cfd,transfer,True,4.025519371032715,2.5452229976654053,3.83331036567688,197,0.894404411315918,1.2221836063569769
followup_50k_landmark_probe,celeb_to_cfd,geometry-fixedcompute-1m-infonce-random-50ksteps,50000,backbone,g4,32768,infonce,random,celeb,celeb,cfd,test,201,5.611509695730574,6.951441764831543,10.328690528869627,/workspace/landmark_probe/outputs/probe_runs/followup_50k_landmark_probe/celeb_to_cfd/geometry-fixedcompute-1m-infonce-random-50ksteps/backbone__g4/best_probe.pt,,,,,,infonce,random,1m,celeb,celeb,cfd,transfer,True,4.9530229568481445,3.2018959522247314,4.044797420501709,180,5.375667572021483,2.0853306392591984
followup_50k_landmark_probe,celeb_to_cfd,geometry-fixedcompute-10k-lejepa-random-50ksteps,50000,backbone,g4,32768,lejepa,random,celeb,celeb,cfd,test,354,6.179065467229957,3.1723861694335938,5.036954402923584,/workspace/landmark_probe/outputs/probe_runs/followup_50k_landmark_probe/celeb_to_cfd/geometry-fixedcompute-10k-lejepa-random-50ksteps/backbone__g4/best_probe.pt,,,,,,lejepa,random,10k,celeb,celeb,cfd,transfer,True,4.160947799682616,2.646048069000244,4.060436248779297,424,0.8760066032409677,1.2105305438601721
followup_50k_landmark_probe,celeb_to_cfd,geometry-fixedcompute-100k-lejepa-random-50ksteps,50000,backbone,g4,32768,lejepa,random,celeb,celeb,cfd,test,298,6.175154662523114,2.9472424983978267,4.647875308990479,/workspace/landmark_probe/outputs/probe_runs/followup_50k_landmark_probe/celeb_to_cfd/geometry-fixedcompute-100k-lejepa-random-50ksteps/backbone__g4/best_probe.pt,,,,,,lejepa,random,100k,celeb,celeb,cfd,transfer,True,4.047849655151366,2.571373701095581,3.948544025421143,450,0.6000256538391131,1.1482331867428697
followup_50k_landmark_probe,celeb_to_cfd,geometry-fixedcompute-1m-lejepa-random-50ksteps,50000,backbone,g4,32768,lejepa,random,celeb,celeb,cfd,test,559,6.192117112581848,3.2871277332305913,5.164453506469727,/workspace/landmark_probe/outputs/probe_runs/followup_50k_landmark_probe/celeb_to_cfd/geometry-fixedcompute-1m-lejepa-random-50ksteps/backbone__g4/best_probe.pt,,,,,,lejepa,random,1m,celeb,celeb,cfd,transfer,True,4.199650287628174,2.667404890060425,4.1169538497924805,347,0.9648032188415527,1.229734180887343
followup_50k_landmark_probe,celeb_to_cfd,geometry-fixedcompute-10k-vicreg-random-50ksteps,50000,backbone,g4,32768,vicreg,random,celeb,celeb,cfd,test,279,6.344824684122221,5.892314910888673,8.98581600189209,/workspace/landmark_probe/outputs/probe_runs/followup_50k_landmark_probe/celeb_to_cfd/geometry-fixedcompute-10k-vicreg-random-50ksteps/backbone__g4/best_probe.pt,,,,,,vicreg,random,10k,celeb,celeb,cfd,transfer,True,4.9142680168151855,3.168797016143799,4.070761203765868,263,4.071547985076904,1.82851565505692
followup_50k_landmark_probe,celeb_to_cfd,geometry-fixedcompute-100k-vicreg-random-50ksteps,50000,backbone,g4,32768,vicreg,random,celeb,celeb,cfd,test,411,5.6765602221254445,2.997687816619873,4.716564655303955,/workspace/landmark_probe/outputs/probe_runs/followup_50k_landmark_probe/celeb_to_cfd/geometry-fixedcompute-100k-vicreg-random-50ksteps/backbone__g4/best_probe.pt,,,,,,vicreg,random,100k,celeb,celeb,cfd,transfer,True,3.937283754348755,2.508047103881836,3.7638401985168457,294,0.7792809009552002,1.1979234796309715
followup_50k_landmark_probe,celeb_to_cfd,geometry-fixedcompute-1m-vicreg-random-50ksteps,50000,backbone,g4,32768,vicreg,random,celeb,celeb,cfd,test,209,5.7548600702337875,3.1629211902618413,4.939653873443604,/workspace/landmark_probe/outputs/probe_runs/followup_50k_landmark_probe/celeb_to_cfd/geometry-fixedcompute-1m-vicreg-random-50ksteps/backbone__g4/best_probe.pt,,,,,,vicreg,random,1m,celeb,celeb,cfd,transfer,True,3.9886455535888667,2.5376884937286377,3.687822580337525,318,0.9510083198547377,1.2384288869686724
followup_50k_landmark_probe,celeb_to_cfd,baseline-imagenet,0,backbone,g4,32768,baseline,imagenet,celeb,celeb,cfd,test,303,12.51689850437185,7.902431964874268,12.084649085998535,/workspace/landmark_probe/outputs/probe_runs/followup_50k_landmark_probe/celeb_to_cfd/baseline-imagenet/backbone__g4/best_probe.pt,,,,,,baseline,imagenet,baseline,celeb,celeb,cfd,transfer,True,9.660913467407227,6.384853839874268,8.924335479736328,263,2.4237356185913086,1.2508805846122317
followup_50k_landmark_probe,celeb_to_cfd,geometry-fixedcompute-10k-infonce-imagenet-50ksteps,50000,backbone,g4,32768,infonce,imagenet,celeb,celeb,cfd,test,287,13.130484398596925,9.08265209197998,13.81279468536377,/workspace/landmark_probe/outputs/probe_runs/followup_50k_landmark_probe/celeb_to_cfd/geometry-fixedcompute-10k-infonce-imagenet-50ksteps/backbone__g4/best_probe.pt,,,,,,infonce,imagenet,10k,celeb,celeb,cfd,transfer,True,11.729509353637695,7.8008551597595215,10.43490982055664,358,2.083285331726074,1.177610611741401
followup_50k_landmark_probe,celeb_to_cfd,geometry-fixedcompute-100k-infonce-imagenet-50ksteps,50000,backbone,g4,32768,infonce,imagenet,celeb,celeb,cfd,test,249,6.7301168650225875,4.0455102920532235,6.300570487976074,/workspace/landmark_probe/outputs/probe_runs/followup_50k_landmark_probe/celeb_to_cfd/geometry-fixedcompute-100k-infonce-imagenet-50ksteps/backbone__g4/best_probe.pt,,,,,,infonce,imagenet,100k,celeb,celeb,cfd,transfer,True,4.666220664978027,2.979553699493408,4.279738426208496,424,1.6343498229980469,1.3502512933570712
followup_50k_landmark_probe,celeb_to_cfd,geometry-fixedcompute-1m-infonce-imagenet-50ksteps,50000,backbone,g4,32768,infonce,imagenet,celeb,celeb,cfd,test,397,6.627006911189178,3.867227792739868,6.041897296905518,/workspace/landmark_probe/outputs/probe_runs/followup_50k_landmark_probe/celeb_to_cfd/geometry-fixedcompute-1m-infonce-imagenet-50ksteps/backbone__g4/best_probe.pt,,,,,,infonce,imagenet,1m,celeb,celeb,cfd,transfer,True,4.4774274826049805,2.853899478912353,4.439042091369629,299,1.564469814300537,1.349412652774071
followup_50k_landmark_probe,celeb_to_cfd,geometry-fixedcompute-10k-lejepa-imagenet-50ksteps,50000,backbone,g4,32768,lejepa,imagenet,celeb,celeb,cfd,test,311,11.806192283421916,8.156834602355957,12.624879837036133,/workspace/landmark_probe/outputs/probe_runs/followup_50k_landmark_probe/celeb_to_cfd/geometry-fixedcompute-10k-lejepa-imagenet-50ksteps/backbone__g4/best_probe.pt,,,,,,lejepa,imagenet,10k,celeb,celeb,cfd,transfer,True,8.72878360748291,5.691030979156494,9.014130592346193,341,3.8960962295532227,1.4463504200302575
followup_50k_landmark_probe,celeb_to_cfd,geometry-fixedcompute-100k-lejepa-imagenet-50ksteps,50000,backbone,g4,32768,lejepa,imagenet,celeb,celeb,cfd,test,271,7.93182453301435,4.663868427276611,7.25155782699585,/workspace/landmark_probe/outputs/probe_runs/followup_50k_landmark_probe/celeb_to_cfd/geometry-fixedcompute-100k-lejepa-imagenet-50ksteps/backbone__g4/best_probe.pt,,,,,,lejepa,imagenet,100k,celeb,celeb,cfd,transfer,True,6.14628791809082,3.97573184967041,5.452151298522949,226,1.1052699089050293,1.1798272263900633
followup_50k_landmark_probe,celeb_to_cfd,geometry-fixedcompute-1m-lejepa-imagenet-50ksteps,50000,backbone,g4,32768,lejepa,imagenet,celeb,celeb,cfd,test,138,7.942874423793105,4.357618808746338,6.8211164474487305,/workspace/landmark_probe/outputs/probe_runs/followup_50k_landmark_probe/celeb_to_cfd/geometry-fixedcompute-1m-lejepa-imagenet-50ksteps/backbone__g4/best_probe.pt,,,,,,lejepa,imagenet,1m,celeb,celeb,cfd,transfer,True,5.66350793838501,3.640031337738037,5.04587459564209,372,1.1576085090637207,1.204397790496224
followup_50k_landmark_probe,celeb_to_cfd,geometry-fixedcompute-10k-vicreg-imagenet-50ksteps,50000,backbone,g4,32768,vicreg,imagenet,celeb,celeb,cfd,test,256,9.918427613263573,5.595242500305176,8.614714622497559,/workspace/landmark_probe/outputs/probe_runs/followup_50k_landmark_probe/celeb_to_cfd/geometry-fixedcompute-10k-vicreg-imagenet-50ksteps/backbone__g4/best_probe.pt,,,,,,vicreg,imagenet,10k,celeb,celeb,cfd,transfer,True,6.474675178527832,4.1783857345581055,6.663674831390381,698,2.1400394439697266,1.3305246031595233
followup_50k_landmark_probe,celeb_to_cfd,geometry-fixedcompute-100k-vicreg-imagenet-50ksteps,50000,backbone,g4,32768,vicreg,imagenet,celeb,celeb,cfd,test,253,6.823302362785965,3.719208478927612,5.839651584625244,/workspace/landmark_probe/outputs/probe_runs/followup_50k_landmark_probe/celeb_to_cfd/geometry-fixedcompute-100k-vicreg-imagenet-50ksteps/backbone__g4/best_probe.pt,,,,,,vicreg,imagenet,100k,celeb,celeb,cfd,transfer,True,4.797965049743652,3.1047146320343018,4.574835777282715,401,1.0416865348815918,1.2171100714744154
followup_50k_landmark_probe,celeb_to_cfd,geometry-fixedcompute-1m-vicreg-imagenet-50ksteps,50000,backbone,g4,32768,vicreg,imagenet,celeb,celeb,cfd,test,186,6.926190993824942,3.5116062164306636,5.513180732727051,/workspace/landmark_probe/outputs/probe_runs/followup_50k_landmark_probe/celeb_to_cfd/geometry-fixedcompute-1m-vicreg-imagenet-50ksteps/backbone__g4/best_probe.pt,,,,,,vicreg,imagenet,1m,celeb,celeb,cfd,transfer,True,4.632867336273193,2.9312260150909424,4.4683499336242685,538,0.8803133964538574,1.1900148077976276
external_vit_landmark_probe,celeb_to_cfd,baseline-dinov2-vitb14,0,patch_tokens,g4,12288,external_baseline,dinov2,celeb,celeb,cfd,test,197,6.340131616331839,3.2255277633666988,5.0412936210632315,/workspace/landmark_probe/outputs/probe_runs/external_vit_landmark_probe/celeb_to_cfd/baseline-dinov2-vitb14/patch_tokens__g4/best_probe.pt,dinov2,vitb14,14.0,LVD-142M,patch_tokens_g4,external_baseline,dinov2,baseline,celeb,celeb,cfd,transfer,True,3.857002973556519,2.4477572441101074,3.614746809005737,147,1.1842906475067125,1.3070494515109707
external_vit_landmark_probe,celeb_to_cfd,baseline-mae-vitb16-in1k-pretrain,0,patch_tokens,g4,12288,external_baseline,mae,celeb,celeb,cfd,test,302,6.650388074051487,5.883378028869629,8.893306732177734,/workspace/landmark_probe/outputs/probe_runs/external_vit_landmark_probe/celeb_to_cfd/baseline-mae-vitb16-in1k-pretrain/patch_tokens__g4/best_probe.pt,mae,vitb16,16.0,ImageNet-1K,patch_tokens_g4,external_baseline,mae,baseline,celeb,celeb,cfd,transfer,True,3.7807004451751713,2.382324457168579,3.638625144958496,630,5.1126062870025635,2.352290762291716
