run_name,checkpoint_step,dataset_name,split_label,embedding_key,N,D,mean_norm,erank,erank_over_d,ev1,ev5,ev10,ev20,cond_1_med,cos_mean,cos_std,cos_std_expected_sphere,cos_frac_abs_gt_0.2,cos_frac_abs_gt_0.3,cos_frac_abs_gt_0.4,num_pairs_used,artifact_path,checkpoint_path,scale,objective,init,is_50k
geometry-fixedcompute-vit-b16-10k-infonce-random-50ksteps,50000,subset6_minus_7_test,test,proj,421730,128,0.22852760553359985,67.74510182310689,0.5292586079930227,0.06343909255522599,0.17372435401044414,0.2629609909366973,0.4034175966089198,11.634030930506857,0.0039139119908213615,0.09780115634202956,0.08838834764831842,0.04452500119805336,0.01837999932467937,0.00848000030964613,200000,/workspace/embedding_extract/outputs/embeddings/geometry_vit_b16_10k_50ksteps/geometry-fixedcompute-vit-b16-10k-infonce-random-50ksteps__step_0050000__subset6_minus_7_test__test.pt,/workspace/delta_checkpoints/fixedcompute_vit_b16_50ksteps/20260527_141748__geometry-fixedcompute-vit-b16-10k-infonce-random-50ksteps/checkpoints/ckpt_step_0050000.pth,10k,infonce,random,True
geometry-fixedcompute-vit-b16-100k-infonce-random-50ksteps,50000,subset6_minus_7_test,test,proj,421730,128,1.6227998733520508,59.25679919851761,0.4629437437384188,0.046372112881369616,0.1889516385513024,0.3155507891871414,0.4699993529632224,8.18383974598767,-5.84977024118416e-05,0.12702490389347074,0.08838834764831842,0.08747000247240068,0.03708000108599663,0.017640000209212303,200000,/workspace/embedding_extract/outputs/embeddings/geometry_vit_b16_100k_50ksteps/geometry-fixedcompute-vit-b16-100k-infonce-random-50ksteps__step_0050000__subset6_minus_7_test__test.pt,/workspace/delta_checkpoints/fixedcompute_vit_b16_50ksteps/20260527_141441__geometry-fixedcompute-vit-b16-100k-infonce-random-50ksteps/checkpoints/ckpt_step_0050000.pth,100k,infonce,random,True
geometry-fixedcompute-vit-b16-1m-infonce-random-50ksteps,50000,subset6_minus_7_test,test,proj,421730,128,1.786091923713684,55.804267084457685,0.4359708365973257,0.050253627557936234,0.19980154483293014,0.330310699170479,0.4882812579190878,9.12008952487485,-5.0316171837039285e-05,0.13047070801258087,0.08838834764831842,0.09391999989748,0.03923999890685082,0.01846499927341938,200000,/workspace/embedding_extract/outputs/embeddings/geometry_vit_b16_1m_50ksteps/geometry-fixedcompute-vit-b16-1m-infonce-random-50ksteps__step_0050000__subset6_minus_7_test__test.pt,/workspace/delta_checkpoints/fixedcompute_vit_b16_50ksteps/20260527_141814__geometry-fixedcompute-vit-b16-1m-infonce-random-50ksteps/checkpoints/ckpt_step_0050000.pth,1m,infonce,random,True
geometry-fixedcompute-vit-b16-10k-vicreg-random-50ksteps,50000,subset6_minus_7_test,test,proj,421730,128,1.4602763652801514,31.713034496006465,0.2477580820000505,0.07999961793741536,0.30707268792136644,0.4750382943319964,0.6687902355996067,28.53135136506849,0.005349801853299141,0.2252833247184753,0.08838834764831842,0.30384498834609985,0.14468500018119812,0.07644499838352202,200000,/workspace/embedding_extract/outputs/embeddings/geometry_vit_b16_10k_50ksteps/geometry-fixedcompute-vit-b16-10k-vicreg-random-50ksteps__step_0050000__subset6_minus_7_test__test.pt,/workspace/delta_checkpoints/fixedcompute_vit_b16_50ksteps/20260527_141814__geometry-fixedcompute-vit-b16-10k-vicreg-random-50ksteps/checkpoints/ckpt_step_0050000.pth,10k,vicreg,random,True
geometry-fixedcompute-vit-b16-100k-vicreg-random-50ksteps,50000,subset6_minus_7_test,test,proj,421730,128,2.1866312026977544,43.4635537186314,0.33955901342680783,0.05980882151747303,0.2444447648229132,0.3817586563486421,0.5659645941877604,13.473051403472722,0.0018730759620666504,0.16940180957317352,0.08838834764831842,0.1488800048828125,0.0717099979519844,0.04210500046610832,200000,/workspace/embedding_extract/outputs/embeddings/geometry_vit_b16_100k_50ksteps/geometry-fixedcompute-vit-b16-100k-vicreg-random-50ksteps__step_0050000__subset6_minus_7_test__test.pt,/workspace/delta_checkpoints/fixedcompute_vit_b16_50ksteps/20260527_141711__geometry-fixedcompute-vit-b16-100k-vicreg-random-50ksteps/checkpoints/ckpt_step_0050000.pth,100k,vicreg,random,True
geometry-fixedcompute-vit-b16-1m-vicreg-random-50ksteps,50000,subset6_minus_7_test,test,proj,421730,128,2.2680799961090092,44.77448088099721,0.3498006318827907,0.05974825743539039,0.23773940217592085,0.3734390599558901,0.5534643420580811,12.528848405235975,0.0013522233348339794,0.16607116162776947,0.08838834764831842,0.14119000732898712,0.0679050013422966,0.04038500040769577,200000,/workspace/embedding_extract/outputs/embeddings/geometry_vit_b16_1m_50ksteps/geometry-fixedcompute-vit-b16-1m-vicreg-random-50ksteps__step_0050000__subset6_minus_7_test__test.pt,/workspace/delta_checkpoints/fixedcompute_vit_b16_50ksteps/20260527_143159__geometry-fixedcompute-vit-b16-1m-vicreg-random-50ksteps/checkpoints/ckpt_step_0050000.pth,1m,vicreg,random,True
geometry-fixedcompute-vit-b16-10k-lejepa-random-50ksteps,50000,subset6_minus_7_test,test,proj,421730,128,1.1564311981201172,93.87542745831223,0.7334017770180644,0.02795878256099119,0.11853714345970068,0.2027009446560386,0.33198126895769803,4.2650509007759885,-0.00013975104957353326,0.1035812571644783,0.08838834764831842,0.049345001578330994,0.022900000214576718,0.010739999823272228,200000,/workspace/embedding_extract/outputs/embeddings/geometry_vit_b16_10k_50ksteps/geometry-fixedcompute-vit-b16-10k-lejepa-random-50ksteps__step_0050000__subset6_minus_7_test__test.pt,/workspace/delta_checkpoints/fixedcompute_vit_b16_50ksteps/20260527_141748__geometry-fixedcompute-vit-b16-10k-lejepa-random-50ksteps/checkpoints/ckpt_step_0050000.pth,10k,lejepa,random,True
geometry-fixedcompute-vit-b16-100k-lejepa-random-50ksteps,50000,subset6_minus_7_test,test,proj,421730,128,1.6306838989257812,81.66656763936962,0.6380200596825752,0.032126593836688484,0.13972444836210016,0.2429271381952072,0.3803960779125857,5.020794720284849,-8.842748502502218e-05,0.1113734096288681,0.08838834764831842,0.05996999889612197,0.026520000770688057,0.012199999764561651,200000,/workspace/embedding_extract/outputs/embeddings/geometry_vit_b16_100k_50ksteps/geometry-fixedcompute-vit-b16-100k-lejepa-random-50ksteps__step_0050000__subset6_minus_7_test__test.pt,/workspace/delta_checkpoints/fixedcompute_vit_b16_50ksteps/20260527_141441__geometry-fixedcompute-vit-b16-100k-lejepa-random-50ksteps/checkpoints/ckpt_step_0050000.pth,100k,lejepa,random,True
geometry-fixedcompute-vit-b16-1m-lejepa-random-50ksteps,50000,subset6_minus_7_test,test,proj,421730,128,1.6319586038589478,81.8340538716116,0.6393285458719655,0.032225692275920315,0.14026265488493989,0.2438845301244553,0.3785979023887386,5.017153186227858,-0.00011851311865029857,0.11139696091413498,0.08838834764831842,0.05956999957561492,0.026559999212622643,0.012489999644458294,200000,/workspace/embedding_extract/outputs/embeddings/geometry_vit_b16_1m_50ksteps/geometry-fixedcompute-vit-b16-1m-lejepa-random-50ksteps__step_0050000__subset6_minus_7_test__test.pt,/workspace/delta_checkpoints/fixedcompute_vit_b16_50ksteps/20260527_143021__geometry-fixedcompute-vit-b16-1m-lejepa-random-50ksteps/checkpoints/ckpt_step_0050000.pth,1m,lejepa,random,True
geometry-fixedcompute-vit-b16-10k-infonce-imagenet-50ksteps,50000,subset6_minus_7_test,test,proj,421730,128,0.2986491918563843,83.87062147768219,0.6552392302943921,0.03392720286760376,0.12532950585092956,0.22099046238245934,0.37353037557407776,5.767455449300589,0.0008247281657531857,0.0973791405558586,0.08838834764831842,0.04460500180721283,0.01679999940097332,0.007350000087171794,200000,/workspace/embedding_extract/outputs/embeddings/geometry_vit_b16_10k_50ksteps/geometry-fixedcompute-vit-b16-10k-infonce-imagenet-50ksteps__step_0050000__subset6_minus_7_test__test.pt,/workspace/delta_checkpoints/fixedcompute_vit_b16_50ksteps/20260527_141748__geometry-fixedcompute-vit-b16-10k-infonce-imagenet-50ksteps/checkpoints/ckpt_step_0050000.pth,10k,infonce,imagenet,True
geometry-fixedcompute-vit-b16-100k-infonce-imagenet-50ksteps,50000,subset6_minus_7_test,test,proj,421730,128,1.9349257946014404,51.27228061922297,0.40056469233767933,0.05406328110947469,0.2149146515699616,0.3577548114368411,0.521229113990427,11.699361865663887,1.0870485311897937e-05,0.136348158121109,0.08838834764831842,0.10599499940872192,0.04372499883174896,0.02114499919116497,200000,/workspace/embedding_extract/outputs/embeddings/geometry_vit_b16_100k_50ksteps/geometry-fixedcompute-vit-b16-100k-infonce-imagenet-50ksteps__step_0050000__subset6_minus_7_test__test.pt,/workspace/delta_checkpoints/fixedcompute_vit_b16_50ksteps/20260527_141441__geometry-fixedcompute-vit-b16-100k-infonce-imagenet-50ksteps/checkpoints/ckpt_step_0050000.pth,100k,infonce,imagenet,True
geometry-fixedcompute-vit-b16-1m-infonce-imagenet-50ksteps,50000,subset6_minus_7_test,test,proj,421730,128,2.1422452926635738,47.034717943981114,0.3674587339373524,0.06455416763410042,0.2332019000274237,0.3778847874041981,0.5406304574778027,14.206584761838773,-0.00014253945846576246,0.14216294884681702,0.08838834764831842,0.12009499967098235,0.047915000468492515,0.02267500013113022,200000,/workspace/embedding_extract/outputs/embeddings/geometry_vit_b16_1m_50ksteps/geometry-fixedcompute-vit-b16-1m-infonce-imagenet-50ksteps__step_0050000__subset6_minus_7_test__test.pt,/workspace/delta_checkpoints/fixedcompute_vit_b16_50ksteps/20260527_141814__geometry-fixedcompute-vit-b16-1m-infonce-imagenet-50ksteps/checkpoints/ckpt_step_0050000.pth,1m,infonce,imagenet,True
geometry-fixedcompute-vit-b16-10k-vicreg-imagenet-50ksteps,50000,subset6_minus_7_test,test,proj,421730,128,1.4271913766860962,25.826217362287178,0.2017673231428686,0.10048734568833734,0.3438307992665829,0.5278257438872077,0.7243731075410219,46.43488864279128,0.009656528010964394,0.2998035550117493,0.08838834764831842,0.4744400084018707,0.3005000054836273,0.1744849979877472,200000,/workspace/embedding_extract/outputs/embeddings/geometry_vit_b16_10k_50ksteps/geometry-fixedcompute-vit-b16-10k-vicreg-imagenet-50ksteps__step_0050000__subset6_minus_7_test__test.pt,/workspace/delta_checkpoints/fixedcompute_vit_b16_50ksteps/20260527_141814__geometry-fixedcompute-vit-b16-10k-vicreg-imagenet-50ksteps/checkpoints/ckpt_step_0050000.pth,10k,vicreg,imagenet,True
geometry-fixedcompute-vit-b16-100k-vicreg-imagenet-50ksteps,50000,subset6_minus_7_test,test,proj,421730,128,2.39987587928772,39.010019178857654,0.30476577483482536,0.06944944649666368,0.26413865124964075,0.4069874906895177,0.6004102555969674,18.779177788859908,0.002669530687853694,0.18214233219623568,0.08838834764831842,0.1851850003004074,0.08444999903440475,0.04924499988555908,200000,/workspace/embedding_extract/outputs/embeddings/geometry_vit_b16_100k_50ksteps/geometry-fixedcompute-vit-b16-100k-vicreg-imagenet-50ksteps__step_0050000__subset6_minus_7_test__test.pt,/workspace/delta_checkpoints/fixedcompute_vit_b16_50ksteps/20260527_141536__geometry-fixedcompute-vit-b16-100k-vicreg-imagenet-50ksteps/checkpoints/ckpt_step_0050000.pth,100k,vicreg,imagenet,True
geometry-fixedcompute-vit-b16-1m-vicreg-imagenet-50ksteps,50000,subset6_minus_7_test,test,proj,421730,128,2.390260934829712,37.65014694305864,0.2941417729926457,0.07084596427385734,0.2729850837885872,0.4194497437664039,0.6080534150143705,19.640133972837592,0.0020580484997481108,0.18045222759246826,0.08838834764831842,0.1830250024795532,0.08349999785423279,0.04818499833345413,200000,/workspace/embedding_extract/outputs/embeddings/geometry_vit_b16_1m_50ksteps/geometry-fixedcompute-vit-b16-1m-vicreg-imagenet-50ksteps__step_0050000__subset6_minus_7_test__test.pt,/workspace/delta_checkpoints/fixedcompute_vit_b16_50ksteps/20260527_143015__geometry-fixedcompute-vit-b16-1m-vicreg-imagenet-50ksteps/checkpoints/ckpt_step_0050000.pth,1m,vicreg,imagenet,True
geometry-fixedcompute-vit-b16-10k-lejepa-imagenet-50ksteps,50000,subset6_minus_7_test,test,proj,421730,128,0.9668458700180054,89.88644907641597,0.7022378834094999,0.028628095513648005,0.11890082006649533,0.20916832290990214,0.3468545398039493,4.5999285960256,-9.265109838452192e-05,0.10614411532878876,0.08838834764831842,0.050335001200437546,0.02292999997735024,0.011535000056028366,200000,/workspace/embedding_extract/outputs/embeddings/geometry_vit_b16_10k_50ksteps/geometry-fixedcompute-vit-b16-10k-lejepa-imagenet-50ksteps__step_0050000__subset6_minus_7_test__test.pt,/workspace/delta_checkpoints/fixedcompute_vit_b16_50ksteps/20260527_141748__geometry-fixedcompute-vit-b16-10k-lejepa-imagenet-50ksteps/checkpoints/ckpt_step_0050000.pth,10k,lejepa,imagenet,True
geometry-fixedcompute-vit-b16-100k-lejepa-imagenet-50ksteps,50000,subset6_minus_7_test,test,proj,421730,128,1.6069837808609009,78.46852269521962,0.6130353335564034,0.031949882085442034,0.14250332732424106,0.2495719817198473,0.3997571603981708,5.3185097555676455,-0.0001884957164293155,0.11309857666492462,0.08838834764831842,0.06445000320672989,0.027444999665021896,0.01214499957859516,200000,/workspace/embedding_extract/outputs/embeddings/geometry_vit_b16_100k_50ksteps/geometry-fixedcompute-vit-b16-100k-lejepa-imagenet-50ksteps__step_0050000__subset6_minus_7_test__test.pt,/workspace/delta_checkpoints/fixedcompute_vit_b16_50ksteps/20260527_141436__geometry-fixedcompute-vit-b16-100k-lejepa-imagenet-50ksteps/checkpoints/ckpt_step_0050000.pth,100k,lejepa,imagenet,True
geometry-fixedcompute-vit-b16-1m-lejepa-imagenet-50ksteps,50000,subset6_minus_7_test,test,proj,421730,128,1.6767559051513672,76.62467828548243,0.5986302991053315,0.03289650706437916,0.1463451055912405,0.2554655427805948,0.4086520186321882,5.5521598330115935,-0.00025565241230651736,0.1146937906742096,0.08838834764831842,0.06710000336170198,0.028200000524520874,0.01258500013500452,200000,/workspace/embedding_extract/outputs/embeddings/geometry_vit_b16_1m_50ksteps/geometry-fixedcompute-vit-b16-1m-lejepa-imagenet-50ksteps__step_0050000__subset6_minus_7_test__test.pt,/workspace/delta_checkpoints/fixedcompute_vit_b16_50ksteps/20260527_141927__geometry-fixedcompute-vit-b16-1m-lejepa-imagenet-50ksteps/checkpoints/ckpt_step_0050000.pth,1m,lejepa,imagenet,True
geometry-fixedcompute-vit-b16-10k-infonce-random-50ksteps,50000,subset7_eval,eval,proj,134969,128,1.674591302871704,11.064357849406724,0.08644029569849003,0.2370290386904623,0.5277924604399843,0.7342172701994433,0.9105203347315184,669.3431886395955,0.01685175485908985,0.2457665950059891,0.08838834764831842,0.38188499212265015,0.19274500012397766,0.09471499919891356,200000,/workspace/embedding_extract/outputs/embeddings/geometry_vit_b16_10k_50ksteps/geometry-fixedcompute-vit-b16-10k-infonce-random-50ksteps__step_0050000__subset7_eval__eval.pt,/workspace/delta_checkpoints/fixedcompute_vit_b16_50ksteps/20260527_141748__geometry-fixedcompute-vit-b16-10k-infonce-random-50ksteps/checkpoints/ckpt_step_0050000.pth,10k,infonce,random,True
geometry-fixedcompute-vit-b16-100k-infonce-random-50ksteps,50000,subset7_eval,eval,proj,134969,128,4.658305644989014,15.935728385287984,0.12449787801006235,0.12177458435808455,0.4601497183017688,0.711865807855636,0.9162704088861172,333.3215311659377,0.0020876761991530657,0.2529672980308533,0.08838834764831842,0.41207501292228704,0.2161100059747696,0.1055150032043457,200000,/workspace/embedding_extract/outputs/embeddings/geometry_vit_b16_100k_50ksteps/geometry-fixedcompute-vit-b16-100k-infonce-random-50ksteps__step_0050000__subset7_eval__eval.pt,/workspace/delta_checkpoints/fixedcompute_vit_b16_50ksteps/20260527_141441__geometry-fixedcompute-vit-b16-100k-infonce-random-50ksteps/checkpoints/ckpt_step_0050000.pth,100k,infonce,random,True
geometry-fixedcompute-vit-b16-1m-infonce-random-50ksteps,50000,subset7_eval,eval,proj,134969,128,4.8671302795410165,15.61081142983743,0.12195946429560492,0.12090324567600193,0.4693591792094949,0.7209696233860897,0.919704532978294,356.7114421851195,0.0022613308392465115,0.2558039128780365,0.08838834764831842,0.4205749928951264,0.2240000069141388,0.1104149967432022,200000,/workspace/embedding_extract/outputs/embeddings/geometry_vit_b16_1m_50ksteps/geometry-fixedcompute-vit-b16-1m-infonce-random-50ksteps__step_0050000__subset7_eval__eval.pt,/workspace/delta_checkpoints/fixedcompute_vit_b16_50ksteps/20260527_141814__geometry-fixedcompute-vit-b16-1m-infonce-random-50ksteps/checkpoints/ckpt_step_0050000.pth,1m,infonce,random,True
geometry-fixedcompute-vit-b16-10k-vicreg-random-50ksteps,50000,subset7_eval,eval,proj,134969,128,4.031321048736571,13.299108481892867,0.10389928501478804,0.17604288551368755,0.5178930080646007,0.7183876660643234,0.8867437232428318,401.9387615134208,0.03983761370182037,0.2465731650590897,0.08838834764831842,0.3138149976730347,0.16535499691963196,0.10422000288963318,200000,/workspace/embedding_extract/outputs/embeddings/geometry_vit_b16_10k_50ksteps/geometry-fixedcompute-vit-b16-10k-vicreg-random-50ksteps__step_0050000__subset7_eval__eval.pt,/workspace/delta_checkpoints/fixedcompute_vit_b16_50ksteps/20260527_141814__geometry-fixedcompute-vit-b16-10k-vicreg-random-50ksteps/checkpoints/ckpt_step_0050000.pth,10k,vicreg,random,True
geometry-fixedcompute-vit-b16-100k-vicreg-random-50ksteps,50000,subset7_eval,eval,proj,134969,128,6.413388729095459,13.821098101922253,0.1079773289212676,0.14621950934436498,0.5129743412067034,0.7361435556188459,0.9426323074491004,1109.9971130100619,0.00607601972296834,0.2701094746589661,0.08838834764831842,0.3879149854183197,0.21243000030517575,0.11613000184297563,200000,/workspace/embedding_extract/outputs/embeddings/geometry_vit_b16_100k_50ksteps/geometry-fixedcompute-vit-b16-100k-vicreg-random-50ksteps__step_0050000__subset7_eval__eval.pt,/workspace/delta_checkpoints/fixedcompute_vit_b16_50ksteps/20260527_141711__geometry-fixedcompute-vit-b16-100k-vicreg-random-50ksteps/checkpoints/ckpt_step_0050000.pth,100k,vicreg,random,True
geometry-fixedcompute-vit-b16-1m-vicreg-random-50ksteps,50000,subset7_eval,eval,proj,134969,128,6.989976406097412,13.855432177948758,0.10824556389022467,0.14127296225046973,0.502496724421028,0.7385366660375721,0.943075434372067,824.842441176087,0.0059841498732566825,0.2765919268131256,0.08838834764831842,0.420074999332428,0.2400899976491928,0.13117000460624695,200000,/workspace/embedding_extract/outputs/embeddings/geometry_vit_b16_1m_50ksteps/geometry-fixedcompute-vit-b16-1m-vicreg-random-50ksteps__step_0050000__subset7_eval__eval.pt,/workspace/delta_checkpoints/fixedcompute_vit_b16_50ksteps/20260527_143159__geometry-fixedcompute-vit-b16-1m-vicreg-random-50ksteps/checkpoints/ckpt_step_0050000.pth,1m,vicreg,random,True
geometry-fixedcompute-vit-b16-10k-lejepa-random-50ksteps,50000,subset7_eval,eval,proj,134969,128,4.1649818420410165,24.98966036041615,0.1952317215657512,0.09848845043096438,0.3666502582993581,0.5525626247768072,0.7186000125664997,43.356472487962684,0.00040600547799840564,0.20042146742343905,0.08838834764831842,0.255825012922287,0.10240499675273897,0.05201499909162522,200000,/workspace/embedding_extract/outputs/embeddings/geometry_vit_b16_10k_50ksteps/geometry-fixedcompute-vit-b16-10k-lejepa-random-50ksteps__step_0050000__subset7_eval__eval.pt,/workspace/delta_checkpoints/fixedcompute_vit_b16_50ksteps/20260527_141748__geometry-fixedcompute-vit-b16-10k-lejepa-random-50ksteps/checkpoints/ckpt_step_0050000.pth,10k,lejepa,random,True
geometry-fixedcompute-vit-b16-100k-lejepa-random-50ksteps,50000,subset7_eval,eval,proj,134969,128,4.2278923988342285,24.77739041103332,0.1935733625861978,0.09739896937326636,0.3668861857360333,0.5627504544516911,0.7303121737417048,43.06934614309038,0.0005647342186421156,0.20462892949581146,0.08838834764831842,0.2829599976539612,0.1167600005865097,0.05432000011205673,200000,/workspace/embedding_extract/outputs/embeddings/geometry_vit_b16_100k_50ksteps/geometry-fixedcompute-vit-b16-100k-lejepa-random-50ksteps__step_0050000__subset7_eval__eval.pt,/workspace/delta_checkpoints/fixedcompute_vit_b16_50ksteps/20260527_141441__geometry-fixedcompute-vit-b16-100k-lejepa-random-50ksteps/checkpoints/ckpt_step_0050000.pth,100k,lejepa,random,True
geometry-fixedcompute-vit-b16-1m-lejepa-random-50ksteps,50000,subset7_eval,eval,proj,134969,128,4.421660900115967,23.721432286586648,0.1853236897389582,0.09844481114366084,0.37543482119875937,0.5790014339160416,0.7461470293659599,45.051003504683216,0.0005994469975121318,0.20816445350646973,0.08838834764831842,0.2961600124835968,0.1229500025510788,0.05672499909996985,200000,/workspace/embedding_extract/outputs/embeddings/geometry_vit_b16_1m_50ksteps/geometry-fixedcompute-vit-b16-1m-lejepa-random-50ksteps__step_0050000__subset7_eval__eval.pt,/workspace/delta_checkpoints/fixedcompute_vit_b16_50ksteps/20260527_143021__geometry-fixedcompute-vit-b16-1m-lejepa-random-50ksteps/checkpoints/ckpt_step_0050000.pth,1m,lejepa,random,True
geometry-fixedcompute-vit-b16-10k-infonce-imagenet-50ksteps,50000,subset7_eval,eval,proj,134969,128,2.771289348602295,12.762128289671082,0.09970412726305533,0.15129470179853471,0.546921391140432,0.7682883261987815,0.93601383431793,741.0635173823711,0.003183557186275721,0.2732703685760498,0.08838834764831842,0.4124299883842468,0.22842499613761905,0.12210500240325928,200000,/workspace/embedding_extract/outputs/embeddings/geometry_vit_b16_10k_50ksteps/geometry-fixedcompute-vit-b16-10k-infonce-imagenet-50ksteps__step_0050000__subset7_eval__eval.pt,/workspace/delta_checkpoints/fixedcompute_vit_b16_50ksteps/20260527_141748__geometry-fixedcompute-vit-b16-10k-infonce-imagenet-50ksteps/checkpoints/ckpt_step_0050000.pth,10k,infonce,imagenet,True
geometry-fixedcompute-vit-b16-100k-infonce-imagenet-50ksteps,50000,subset7_eval,eval,proj,134969,128,5.029260635375977,13.853795563644619,0.10823277784097357,0.14500583935094938,0.4968702780387298,0.7370949627237582,0.9398885259764752,1301.2249275915558,0.002848527859896421,0.273532897233963,0.08838834764831842,0.45032998919487,0.2562350034713745,0.1346450001001358,200000,/workspace/embedding_extract/outputs/embeddings/geometry_vit_b16_100k_50ksteps/geometry-fixedcompute-vit-b16-100k-infonce-imagenet-50ksteps__step_0050000__subset7_eval__eval.pt,/workspace/delta_checkpoints/fixedcompute_vit_b16_50ksteps/20260527_141441__geometry-fixedcompute-vit-b16-100k-infonce-imagenet-50ksteps/checkpoints/ckpt_step_0050000.pth,100k,infonce,imagenet,True
geometry-fixedcompute-vit-b16-1m-infonce-imagenet-50ksteps,50000,subset7_eval,eval,proj,134969,128,5.296925067901611,13.642947552323331,0.10658552775252604,0.1501817977193994,0.5107943051367984,0.7435417726612706,0.9427077193952768,1355.2081271273312,0.002713402034714818,0.27498289942741394,0.08838834764831842,0.4566799998283386,0.26109498739242554,0.1377200037240982,200000,/workspace/embedding_extract/outputs/embeddings/geometry_vit_b16_1m_50ksteps/geometry-fixedcompute-vit-b16-1m-infonce-imagenet-50ksteps__step_0050000__subset7_eval__eval.pt,/workspace/delta_checkpoints/fixedcompute_vit_b16_50ksteps/20260527_141814__geometry-fixedcompute-vit-b16-1m-infonce-imagenet-50ksteps/checkpoints/ckpt_step_0050000.pth,1m,infonce,imagenet,True
geometry-fixedcompute-vit-b16-10k-vicreg-imagenet-50ksteps,50000,subset7_eval,eval,proj,134969,128,5.572550296783447,13.430641531595313,0.1049268869655884,0.15694215083136473,0.5040635497193638,0.7585073400071479,0.9240197771337114,1603.1041667229565,0.030006872490048412,0.2838060259819031,0.08838834764831842,0.2874999940395355,0.1840450018644333,0.114655002951622,200000,/workspace/embedding_extract/outputs/embeddings/geometry_vit_b16_10k_50ksteps/geometry-fixedcompute-vit-b16-10k-vicreg-imagenet-50ksteps__step_0050000__subset7_eval__eval.pt,/workspace/delta_checkpoints/fixedcompute_vit_b16_50ksteps/20260527_141814__geometry-fixedcompute-vit-b16-10k-vicreg-imagenet-50ksteps/checkpoints/ckpt_step_0050000.pth,10k,vicreg,imagenet,True
geometry-fixedcompute-vit-b16-100k-vicreg-imagenet-50ksteps,50000,subset7_eval,eval,proj,134969,128,8.409650802612305,10.123384460269769,0.07908894109585758,0.19583476985321052,0.6212310044795677,0.8348965109643751,0.9668781679828116,6762.13136188124,0.008258234709501266,0.32213982939720154,0.08838834764831842,0.4724900126457214,0.30592501163482666,0.18958500027656555,200000,/workspace/embedding_extract/outputs/embeddings/geometry_vit_b16_100k_50ksteps/geometry-fixedcompute-vit-b16-100k-vicreg-imagenet-50ksteps__step_0050000__subset7_eval__eval.pt,/workspace/delta_checkpoints/fixedcompute_vit_b16_50ksteps/20260527_141536__geometry-fixedcompute-vit-b16-100k-vicreg-imagenet-50ksteps/checkpoints/ckpt_step_0050000.pth,100k,vicreg,imagenet,True
geometry-fixedcompute-vit-b16-1m-vicreg-imagenet-50ksteps,50000,subset7_eval,eval,proj,134969,128,8.357110023498535,10.336544875573539,0.08075425684041829,0.183868877576554,0.6135322881700787,0.8407761468792093,0.9697554829947004,6881.877854311722,0.007456826046109199,0.3220452070236206,0.08838834764831842,0.4773400127887726,0.3082900047302246,0.1946599930524826,200000,/workspace/embedding_extract/outputs/embeddings/geometry_vit_b16_1m_50ksteps/geometry-fixedcompute-vit-b16-1m-vicreg-imagenet-50ksteps__step_0050000__subset7_eval__eval.pt,/workspace/delta_checkpoints/fixedcompute_vit_b16_50ksteps/20260527_143015__geometry-fixedcompute-vit-b16-1m-vicreg-imagenet-50ksteps/checkpoints/ckpt_step_0050000.pth,1m,vicreg,imagenet,True
geometry-fixedcompute-vit-b16-10k-lejepa-imagenet-50ksteps,50000,subset7_eval,eval,proj,134969,128,4.546728134155273,16.07746587008644,0.1256052021100503,0.1380096687675208,0.4867405901111512,0.6809914218365913,0.8503964005109013,185.2787411558871,0.002437941497191787,0.2561261057853699,0.08838834764831842,0.3846049904823303,0.1934400051832199,0.09487000107765198,200000,/workspace/embedding_extract/outputs/embeddings/geometry_vit_b16_10k_50ksteps/geometry-fixedcompute-vit-b16-10k-lejepa-imagenet-50ksteps__step_0050000__subset7_eval__eval.pt,/workspace/delta_checkpoints/fixedcompute_vit_b16_50ksteps/20260527_141748__geometry-fixedcompute-vit-b16-10k-lejepa-imagenet-50ksteps/checkpoints/ckpt_step_0050000.pth,10k,lejepa,imagenet,True
geometry-fixedcompute-vit-b16-100k-lejepa-imagenet-50ksteps,50000,subset7_eval,eval,proj,134969,128,5.40153169631958,18.09655544415287,0.1413793394074443,0.11859962342315858,0.4346690576508725,0.6617812257725199,0.8493516134423142,120.9704003616762,0.001775994896888733,0.2409403026103973,0.08838834764831842,0.37930500507354736,0.18801499903202054,0.08845999836921692,200000,/workspace/embedding_extract/outputs/embeddings/geometry_vit_b16_100k_50ksteps/geometry-fixedcompute-vit-b16-100k-lejepa-imagenet-50ksteps__step_0050000__subset7_eval__eval.pt,/workspace/delta_checkpoints/fixedcompute_vit_b16_50ksteps/20260527_141436__geometry-fixedcompute-vit-b16-100k-lejepa-imagenet-50ksteps/checkpoints/ckpt_step_0050000.pth,100k,lejepa,imagenet,True
geometry-fixedcompute-vit-b16-1m-lejepa-imagenet-50ksteps,50000,subset7_eval,eval,proj,134969,128,5.386444091796875,18.538716109787575,0.14483371960771546,0.11355524055661945,0.42042785032785934,0.6586796162367047,0.8487531227126607,115.68651256933448,0.002070658374577761,0.23757828772068024,0.08838834764831842,0.37095999717712397,0.17994500696659088,0.0845400020480156,200000,/workspace/embedding_extract/outputs/embeddings/geometry_vit_b16_1m_50ksteps/geometry-fixedcompute-vit-b16-1m-lejepa-imagenet-50ksteps__step_0050000__subset7_eval__eval.pt,/workspace/delta_checkpoints/fixedcompute_vit_b16_50ksteps/20260527_141927__geometry-fixedcompute-vit-b16-1m-lejepa-imagenet-50ksteps/checkpoints/ckpt_step_0050000.pth,1m,lejepa,imagenet,True
geometry-fixedcompute-vit-b16-10k-infonce-random-50ksteps,50000,cfc_eval,eval,proj,35082,128,2.243161201477051,10.580543553341412,0.08266049651047977,0.19766337230979572,0.612554788067666,0.8055141733240417,0.9323610841841676,689.0210411897878,0.0038308606017380953,0.30789270997047424,0.08838834764831842,0.5360599756240845,0.3451249897480011,0.19811999797821045,200000,/workspace/embedding_extract/outputs/embeddings/geometry_vit_b16_10k_50ksteps/geometry-fixedcompute-vit-b16-10k-infonce-random-50ksteps__step_0050000__cfc_eval__eval.pt,/workspace/delta_checkpoints/fixedcompute_vit_b16_50ksteps/20260527_141748__geometry-fixedcompute-vit-b16-10k-infonce-random-50ksteps/checkpoints/ckpt_step_0050000.pth,10k,infonce,random,True
geometry-fixedcompute-vit-b16-100k-infonce-random-50ksteps,50000,cfc_eval,eval,proj,35082,128,6.693864822387695,10.214394883642765,0.07979996002845909,0.17122187915630865,0.6271107391282286,0.8460496756002525,0.9537259959733679,1121.6448202361619,0.002439311007037759,0.3165270090103149,0.08838834764831842,0.5573599934577942,0.3703500032424927,0.2213599979877472,200000,/workspace/embedding_extract/outputs/embeddings/geometry_vit_b16_100k_50ksteps/geometry-fixedcompute-vit-b16-100k-infonce-random-50ksteps__step_0050000__cfc_eval__eval.pt,/workspace/delta_checkpoints/fixedcompute_vit_b16_50ksteps/20260527_141441__geometry-fixedcompute-vit-b16-100k-infonce-random-50ksteps/checkpoints/ckpt_step_0050000.pth,100k,infonce,random,True
geometry-fixedcompute-vit-b16-1m-infonce-random-50ksteps,50000,cfc_eval,eval,proj,35082,128,6.712937831878662,9.984163589121039,0.07800127804000813,0.17514101852811775,0.6349499205823147,0.8471541718878055,0.9564806467592859,1331.9103029575126,0.002829681383445859,0.3174037933349609,0.08838834764831842,0.5619149804115295,0.3740800023078919,0.2240000069141388,200000,/workspace/embedding_extract/outputs/embeddings/geometry_vit_b16_1m_50ksteps/geometry-fixedcompute-vit-b16-1m-infonce-random-50ksteps__step_0050000__cfc_eval__eval.pt,/workspace/delta_checkpoints/fixedcompute_vit_b16_50ksteps/20260527_141814__geometry-fixedcompute-vit-b16-1m-infonce-random-50ksteps/checkpoints/ckpt_step_0050000.pth,1m,infonce,random,True
geometry-fixedcompute-vit-b16-10k-vicreg-random-50ksteps,50000,cfc_eval,eval,proj,35082,128,5.59265661239624,9.74770938725436,0.07615397958792469,0.2116984447569729,0.6261388375227486,0.7848107367522642,0.9068264120106334,878.5397579619977,0.0268013346940279,0.3396922647953033,0.08838834764831842,0.563194990158081,0.3909449875354767,0.2507449984550476,200000,/workspace/embedding_extract/outputs/embeddings/geometry_vit_b16_10k_50ksteps/geometry-fixedcompute-vit-b16-10k-vicreg-random-50ksteps__step_0050000__cfc_eval__eval.pt,/workspace/delta_checkpoints/fixedcompute_vit_b16_50ksteps/20260527_141814__geometry-fixedcompute-vit-b16-10k-vicreg-random-50ksteps/checkpoints/ckpt_step_0050000.pth,10k,vicreg,random,True
geometry-fixedcompute-vit-b16-100k-vicreg-random-50ksteps,50000,cfc_eval,eval,proj,35082,128,10.593424797058104,7.961781171946412,0.06220141540583135,0.2408931512951935,0.707271548922891,0.8823290241513609,0.9683508054298066,3707.539811797402,0.0005334268789738417,0.3599025011062622,0.08838834764831842,0.6204850077629089,0.4462150037288666,0.2928149998188019,200000,/workspace/embedding_extract/outputs/embeddings/geometry_vit_b16_100k_50ksteps/geometry-fixedcompute-vit-b16-100k-vicreg-random-50ksteps__step_0050000__cfc_eval__eval.pt,/workspace/delta_checkpoints/fixedcompute_vit_b16_50ksteps/20260527_141711__geometry-fixedcompute-vit-b16-100k-vicreg-random-50ksteps/checkpoints/ckpt_step_0050000.pth,100k,vicreg,random,True
geometry-fixedcompute-vit-b16-1m-vicreg-random-50ksteps,50000,cfc_eval,eval,proj,35082,128,10.972440719604492,8.243016103483656,0.06439856330846608,0.21116976991800548,0.7108406672711461,0.8888762261881852,0.9667628301081044,3614.946970339701,0.0007949990686029196,0.3528601825237274,0.08838834764831842,0.6147699952125549,0.4378899931907654,0.28554999828338623,200000,/workspace/embedding_extract/outputs/embeddings/geometry_vit_b16_1m_50ksteps/geometry-fixedcompute-vit-b16-1m-vicreg-random-50ksteps__step_0050000__cfc_eval__eval.pt,/workspace/delta_checkpoints/fixedcompute_vit_b16_50ksteps/20260527_143159__geometry-fixedcompute-vit-b16-1m-vicreg-random-50ksteps/checkpoints/ckpt_step_0050000.pth,1m,vicreg,random,True
geometry-fixedcompute-vit-b16-10k-lejepa-random-50ksteps,50000,cfc_eval,eval,proj,35082,128,6.126302242279053,15.810143422236106,0.12351674548621955,0.13979921786992447,0.4985440314946084,0.6902050717211904,0.8272757266357414,121.38325826971399,0.0013860933249816296,0.2598683536052704,0.08838834764831842,0.4509400129318237,0.24412499368190765,0.1131099984049797,200000,/workspace/embedding_extract/outputs/embeddings/geometry_vit_b16_10k_50ksteps/geometry-fixedcompute-vit-b16-10k-lejepa-random-50ksteps__step_0050000__cfc_eval__eval.pt,/workspace/delta_checkpoints/fixedcompute_vit_b16_50ksteps/20260527_141748__geometry-fixedcompute-vit-b16-10k-lejepa-random-50ksteps/checkpoints/ckpt_step_0050000.pth,10k,lejepa,random,True
geometry-fixedcompute-vit-b16-100k-lejepa-random-50ksteps,50000,cfc_eval,eval,proj,35082,128,6.610373020172119,14.277435767660313,0.1115424669348462,0.1600976003981487,0.5165918188312291,0.721555030185898,0.8466794439774218,153.43563504458413,0.0019544914830476046,0.2725284695625305,0.08838834764831842,0.4879400134086609,0.28082001209259033,0.1370600014925003,200000,/workspace/embedding_extract/outputs/embeddings/geometry_vit_b16_100k_50ksteps/geometry-fixedcompute-vit-b16-100k-lejepa-random-50ksteps__step_0050000__cfc_eval__eval.pt,/workspace/delta_checkpoints/fixedcompute_vit_b16_50ksteps/20260527_141441__geometry-fixedcompute-vit-b16-100k-lejepa-random-50ksteps/checkpoints/ckpt_step_0050000.pth,100k,lejepa,random,True
geometry-fixedcompute-vit-b16-1m-lejepa-random-50ksteps,50000,cfc_eval,eval,proj,35082,128,6.70488977432251,13.509571415119062,0.10554352668061767,0.17599476844575693,0.5247866933485299,0.7321733676571595,0.85289344896578,176.75901688823708,0.0018329962622374296,0.2792181074619293,0.08838834764831842,0.5008199810981749,0.29672500491142273,0.14836999773979187,200000,/workspace/embedding_extract/outputs/embeddings/geometry_vit_b16_1m_50ksteps/geometry-fixedcompute-vit-b16-1m-lejepa-random-50ksteps__step_0050000__cfc_eval__eval.pt,/workspace/delta_checkpoints/fixedcompute_vit_b16_50ksteps/20260527_143021__geometry-fixedcompute-vit-b16-1m-lejepa-random-50ksteps/checkpoints/ckpt_step_0050000.pth,1m,lejepa,random,True
geometry-fixedcompute-vit-b16-10k-infonce-imagenet-50ksteps,50000,cfc_eval,eval,proj,35082,128,3.577150821685791,8.32599641948554,0.06504684702723078,0.2391925134302937,0.6710149996775121,0.8542746473907425,0.9655523415305922,1860.5022257645005,0.001187644200399518,0.3614494204521179,0.08838834764831842,0.6063500046730042,0.42832499742507935,0.2796300053596497,200000,/workspace/embedding_extract/outputs/embeddings/geometry_vit_b16_10k_50ksteps/geometry-fixedcompute-vit-b16-10k-infonce-imagenet-50ksteps__step_0050000__cfc_eval__eval.pt,/workspace/delta_checkpoints/fixedcompute_vit_b16_50ksteps/20260527_141748__geometry-fixedcompute-vit-b16-10k-infonce-imagenet-50ksteps/checkpoints/ckpt_step_0050000.pth,10k,infonce,imagenet,True
geometry-fixedcompute-vit-b16-100k-infonce-imagenet-50ksteps,50000,cfc_eval,eval,proj,35082,128,6.91526460647583,8.735997270647527,0.0682499786769338,0.2058807695258108,0.6824559881300867,0.8803978184858704,0.9789251201119512,4109.41903311958,0.0019316815305501227,0.3396679759025574,0.08838834764831842,0.5882949829101562,0.411080002784729,0.26212000846862793,200000,/workspace/embedding_extract/outputs/embeddings/geometry_vit_b16_100k_50ksteps/geometry-fixedcompute-vit-b16-100k-infonce-imagenet-50ksteps__step_0050000__cfc_eval__eval.pt,/workspace/delta_checkpoints/fixedcompute_vit_b16_50ksteps/20260527_141441__geometry-fixedcompute-vit-b16-100k-infonce-imagenet-50ksteps/checkpoints/ckpt_step_0050000.pth,100k,infonce,imagenet,True
geometry-fixedcompute-vit-b16-1m-infonce-imagenet-50ksteps,50000,cfc_eval,eval,proj,35082,128,7.0614280700683585,8.516023653364158,0.06653143479190747,0.2229097327097752,0.681984183337193,0.8799328439514459,0.9791923345221214,4913.302457908172,0.0015141741605475545,0.3390879333019257,0.08838834764831842,0.5900800228118896,0.41086500883102417,0.2617950141429901,200000,/workspace/embedding_extract/outputs/embeddings/geometry_vit_b16_1m_50ksteps/geometry-fixedcompute-vit-b16-1m-infonce-imagenet-50ksteps__step_0050000__cfc_eval__eval.pt,/workspace/delta_checkpoints/fixedcompute_vit_b16_50ksteps/20260527_141814__geometry-fixedcompute-vit-b16-1m-infonce-imagenet-50ksteps/checkpoints/ckpt_step_0050000.pth,1m,infonce,imagenet,True
geometry-fixedcompute-vit-b16-10k-vicreg-imagenet-50ksteps,50000,cfc_eval,eval,proj,35082,128,8.38100528717041,6.764433233365993,0.05284713463567181,0.33065297510066954,0.6598553844420445,0.8246048626931938,0.954177528907994,6893.867367078216,0.006626373156905174,0.4528452455997467,0.08838834764831842,0.6304500102996826,0.4949150085449219,0.37489500641822815,200000,/workspace/embedding_extract/outputs/embeddings/geometry_vit_b16_10k_50ksteps/geometry-fixedcompute-vit-b16-10k-vicreg-imagenet-50ksteps__step_0050000__cfc_eval__eval.pt,/workspace/delta_checkpoints/fixedcompute_vit_b16_50ksteps/20260527_141814__geometry-fixedcompute-vit-b16-10k-vicreg-imagenet-50ksteps/checkpoints/ckpt_step_0050000.pth,10k,vicreg,imagenet,True
geometry-fixedcompute-vit-b16-100k-vicreg-imagenet-50ksteps,50000,cfc_eval,eval,proj,35082,128,12.984029769897461,5.675891772020334,0.044342904468908866,0.3076988573941689,0.8156346183461735,0.9428784440700247,0.9911364133433236,17338.13652254359,0.004236909560859203,0.4167279005050659,0.08838834764831842,0.6840900182723999,0.5327799916267395,0.3930549919605255,200000,/workspace/embedding_extract/outputs/embeddings/geometry_vit_b16_100k_50ksteps/geometry-fixedcompute-vit-b16-100k-vicreg-imagenet-50ksteps__step_0050000__cfc_eval__eval.pt,/workspace/delta_checkpoints/fixedcompute_vit_b16_50ksteps/20260527_141536__geometry-fixedcompute-vit-b16-100k-vicreg-imagenet-50ksteps/checkpoints/ckpt_step_0050000.pth,100k,vicreg,imagenet,True
geometry-fixedcompute-vit-b16-1m-vicreg-imagenet-50ksteps,50000,cfc_eval,eval,proj,35082,128,12.389838218688965,6.263572456475893,0.04893415981621792,0.26383344206022624,0.8131159503406761,0.9428517424225874,0.9914528780718898,17227.90141280811,0.0018311763415113085,0.4004139602184296,0.08838834764831842,0.6666550040245056,0.5090100169181824,0.3669750094413757,200000,/workspace/embedding_extract/outputs/embeddings/geometry_vit_b16_1m_50ksteps/geometry-fixedcompute-vit-b16-1m-vicreg-imagenet-50ksteps__step_0050000__cfc_eval__eval.pt,/workspace/delta_checkpoints/fixedcompute_vit_b16_50ksteps/20260527_143015__geometry-fixedcompute-vit-b16-1m-vicreg-imagenet-50ksteps/checkpoints/ckpt_step_0050000.pth,1m,vicreg,imagenet,True
geometry-fixedcompute-vit-b16-10k-lejepa-imagenet-50ksteps,50000,cfc_eval,eval,proj,35082,128,6.7956390380859375,9.707618906159233,0.07584077270436901,0.21542663205154966,0.630702600360355,0.8049637488005281,0.921148505621356,594.0079905551854,0.002125493483617902,0.3319978713989258,0.08838834764831842,0.5487549901008606,0.3625600039958954,0.22261500358581546,200000,/workspace/embedding_extract/outputs/embeddings/geometry_vit_b16_10k_50ksteps/geometry-fixedcompute-vit-b16-10k-lejepa-imagenet-50ksteps__step_0050000__cfc_eval__eval.pt,/workspace/delta_checkpoints/fixedcompute_vit_b16_50ksteps/20260527_141748__geometry-fixedcompute-vit-b16-10k-lejepa-imagenet-50ksteps/checkpoints/ckpt_step_0050000.pth,10k,lejepa,imagenet,True
geometry-fixedcompute-vit-b16-100k-lejepa-imagenet-50ksteps,50000,cfc_eval,eval,proj,35082,128,7.6119956970214835,11.219535883134538,0.0876526240869886,0.17055544480694734,0.5965099739430676,0.8070669156153626,0.9185851234592536,386.32097008798905,0.0019820404704660177,0.3040819764137268,0.08838834764831842,0.5438050031661987,0.349810004234314,0.19818000495433807,200000,/workspace/embedding_extract/outputs/embeddings/geometry_vit_b16_100k_50ksteps/geometry-fixedcompute-vit-b16-100k-lejepa-imagenet-50ksteps__step_0050000__cfc_eval__eval.pt,/workspace/delta_checkpoints/fixedcompute_vit_b16_50ksteps/20260527_141436__geometry-fixedcompute-vit-b16-100k-lejepa-imagenet-50ksteps/checkpoints/ckpt_step_0050000.pth,100k,lejepa,imagenet,True
geometry-fixedcompute-vit-b16-1m-lejepa-imagenet-50ksteps,50000,cfc_eval,eval,proj,35082,128,7.5387797355651855,11.062383554041915,0.08642487151595246,0.1791592260370074,0.6021588733859274,0.8045600796995462,0.9176274057572223,410.6385799425793,0.0009392323554493488,0.3052447736263275,0.08838834764831842,0.5460249781608582,0.35436999797821045,0.2015250027179718,200000,/workspace/embedding_extract/outputs/embeddings/geometry_vit_b16_1m_50ksteps/geometry-fixedcompute-vit-b16-1m-lejepa-imagenet-50ksteps__step_0050000__cfc_eval__eval.pt,/workspace/delta_checkpoints/fixedcompute_vit_b16_50ksteps/20260527_141927__geometry-fixedcompute-vit-b16-1m-lejepa-imagenet-50ksteps/checkpoints/ckpt_step_0050000.pth,1m,lejepa,imagenet,True
