study_name,task_name,run_name,checkpoint_step,embedding_key,pooling,embedding_dim,ssl_method,init_mode,train_dataset_name,val_dataset_name,test_dataset_name,test_split,best_epoch,best_val_mean_l2,test_mae,test_mean_l2,probe_checkpoint_path,model_family,scale,model_arch,patch_size,pretrain_data,feature_kind
followup_50k_landmark_probe,celeb_within,geometry-fixedcompute-10k-infonce-random-50ksteps,50000,backbone,g4,32768,infonce,random,celeb,celeb,celeb,test,344,6.315409266883558,4.175171375274658,6.532932758331299,/workspace/landmark_probe/outputs/probe_runs/followup_50k_landmark_probe/celeb_within/geometry-fixedcompute-10k-infonce-random-50ksteps/backbone__g4/best_probe.pt,resnet101,10k,,,,
followup_50k_landmark_probe,celeb_within,geometry-fixedcompute-100k-infonce-random-50ksteps,50000,backbone,g4,32768,infonce,random,celeb,celeb,celeb,test,310,5.830992868037822,3.9727165699005127,6.20599889755249,/workspace/landmark_probe/outputs/probe_runs/followup_50k_landmark_probe/celeb_within/geometry-fixedcompute-100k-infonce-random-50ksteps/backbone__g4/best_probe.pt,resnet101,100k,,,,
followup_50k_landmark_probe,celeb_within,geometry-fixedcompute-1m-infonce-random-50ksteps,50000,backbone,g4,32768,infonce,random,celeb,celeb,celeb,test,327,5.584826365194687,3.5764195919036865,5.598062038421631,/workspace/landmark_probe/outputs/probe_runs/followup_50k_landmark_probe/celeb_within/geometry-fixedcompute-1m-infonce-random-50ksteps/backbone__g4/best_probe.pt,resnet101,1m,,,,
followup_50k_landmark_probe,celeb_within,geometry-fixedcompute-10k-vicreg-random-50ksteps,50000,backbone,g4,32768,vicreg,random,celeb,celeb,celeb,test,341,6.406201193241474,4.2337255477905265,6.6308417320251465,/workspace/landmark_probe/outputs/probe_runs/followup_50k_landmark_probe/celeb_within/geometry-fixedcompute-10k-vicreg-random-50ksteps/backbone__g4/best_probe.pt,resnet101,10k,,,,
followup_50k_landmark_probe,celeb_within,geometry-fixedcompute-100k-vicreg-random-50ksteps,50000,backbone,g4,32768,vicreg,random,celeb,celeb,celeb,test,285,5.773190920470191,3.6056337356567374,5.688697338104247,/workspace/landmark_probe/outputs/probe_runs/followup_50k_landmark_probe/celeb_within/geometry-fixedcompute-100k-vicreg-random-50ksteps/backbone__g4/best_probe.pt,resnet101,100k,,,,
followup_50k_landmark_probe,celeb_within,geometry-fixedcompute-1m-vicreg-random-50ksteps,50000,backbone,g4,32768,vicreg,random,celeb,celeb,celeb,test,278,5.707865087060982,3.7936530113220215,5.944314479827881,/workspace/landmark_probe/outputs/probe_runs/followup_50k_landmark_probe/celeb_within/geometry-fixedcompute-1m-vicreg-random-50ksteps/backbone__g4/best_probe.pt,resnet101,1m,,,,
followup_50k_landmark_probe,celeb_within,geometry-fixedcompute-10k-lejepa-random-50ksteps,50000,backbone,g4,32768,lejepa,random,celeb,celeb,celeb,test,227,6.357393569633608,4.223865985870361,6.683793067932129,/workspace/landmark_probe/outputs/probe_runs/followup_50k_landmark_probe/celeb_within/geometry-fixedcompute-10k-lejepa-random-50ksteps/backbone__g4/best_probe.pt,resnet101,10k,,,,
followup_50k_landmark_probe,celeb_within,geometry-fixedcompute-100k-lejepa-random-50ksteps,50000,backbone,g4,32768,lejepa,random,celeb,celeb,celeb,test,423,6.017746026398705,4.105247497558594,6.5041446685791025,/workspace/landmark_probe/outputs/probe_runs/followup_50k_landmark_probe/celeb_within/geometry-fixedcompute-100k-lejepa-random-50ksteps/backbone__g4/best_probe.pt,resnet101,100k,,,,
followup_50k_landmark_probe,celeb_within,geometry-fixedcompute-1m-lejepa-random-50ksteps,50000,backbone,g4,32768,lejepa,random,celeb,celeb,celeb,test,610,6.0942042173583655,3.993424654006958,6.298998832702638,/workspace/landmark_probe/outputs/probe_runs/followup_50k_landmark_probe/celeb_within/geometry-fixedcompute-1m-lejepa-random-50ksteps/backbone__g4/best_probe.pt,resnet101,1m,,,,
followup_50k_landmark_probe,celeb_within,geometry-fixedcompute-10k-infonce-imagenet-50ksteps,50000,backbone,g4,32768,infonce,imagenet,celeb,celeb,celeb,test,104,13.283551742470332,10.116537094116213,15.453535079956055,/workspace/landmark_probe/outputs/probe_runs/followup_50k_landmark_probe/celeb_within/geometry-fixedcompute-10k-infonce-imagenet-50ksteps/backbone__g4/best_probe.pt,resnet101,10k,,,,
followup_50k_landmark_probe,celeb_within,geometry-fixedcompute-100k-infonce-imagenet-50ksteps,50000,backbone,g4,32768,infonce,imagenet,celeb,celeb,celeb,test,545,6.6569355485217825,4.362241268157959,6.865628719329834,/workspace/landmark_probe/outputs/probe_runs/followup_50k_landmark_probe/celeb_within/geometry-fixedcompute-100k-infonce-imagenet-50ksteps/backbone__g4/best_probe.pt,resnet101,100k,,,,
followup_50k_landmark_probe,celeb_within,geometry-fixedcompute-1m-infonce-imagenet-50ksteps,50000,backbone,g4,32768,infonce,imagenet,celeb,celeb,celeb,test,450,6.660763784835899,4.372105598449707,6.879059791564941,/workspace/landmark_probe/outputs/probe_runs/followup_50k_landmark_probe/celeb_within/geometry-fixedcompute-1m-infonce-imagenet-50ksteps/backbone__g4/best_probe.pt,resnet101,1m,,,,
followup_50k_landmark_probe,celeb_within,geometry-fixedcompute-10k-vicreg-imagenet-50ksteps,50000,backbone,g4,32768,vicreg,imagenet,celeb,celeb,celeb,test,376,9.720518685429473,6.234478950500487,9.696693420410156,/workspace/landmark_probe/outputs/probe_runs/followup_50k_landmark_probe/celeb_within/geometry-fixedcompute-10k-vicreg-imagenet-50ksteps/backbone__g4/best_probe.pt,resnet101,10k,,,,
followup_50k_landmark_probe,celeb_within,geometry-fixedcompute-100k-vicreg-imagenet-50ksteps,50000,backbone,g4,32768,vicreg,imagenet,celeb,celeb,celeb,test,282,6.830241461269192,4.404986381530762,6.974747180938722,/workspace/landmark_probe/outputs/probe_runs/followup_50k_landmark_probe/celeb_within/geometry-fixedcompute-100k-vicreg-imagenet-50ksteps/backbone__g4/best_probe.pt,resnet101,100k,,,,
followup_50k_landmark_probe,celeb_within,geometry-fixedcompute-1m-vicreg-imagenet-50ksteps,50000,backbone,g4,32768,vicreg,imagenet,celeb,celeb,celeb,test,421,6.777458224791647,4.482549667358398,7.076401233673097,/workspace/landmark_probe/outputs/probe_runs/followup_50k_landmark_probe/celeb_within/geometry-fixedcompute-1m-vicreg-imagenet-50ksteps/backbone__g4/best_probe.pt,resnet101,1m,,,,
followup_50k_landmark_probe,celeb_within,geometry-fixedcompute-10k-lejepa-imagenet-50ksteps,50000,backbone,g4,32768,lejepa,imagenet,celeb,celeb,celeb,test,500,11.766206668374315,7.708462715148926,12.127285957336426,/workspace/landmark_probe/outputs/probe_runs/followup_50k_landmark_probe/celeb_within/geometry-fixedcompute-10k-lejepa-imagenet-50ksteps/backbone__g4/best_probe.pt,resnet101,10k,,,,
followup_50k_landmark_probe,celeb_within,geometry-fixedcompute-100k-lejepa-imagenet-50ksteps,50000,backbone,g4,32768,lejepa,imagenet,celeb,celeb,celeb,test,369,7.924697021317612,5.335341930389403,8.351043701171875,/workspace/landmark_probe/outputs/probe_runs/followup_50k_landmark_probe/celeb_within/geometry-fixedcompute-100k-lejepa-imagenet-50ksteps/backbone__g4/best_probe.pt,resnet101,100k,,,,
followup_50k_landmark_probe,celeb_within,geometry-fixedcompute-1m-lejepa-imagenet-50ksteps,50000,backbone,g4,32768,lejepa,imagenet,celeb,celeb,celeb,test,277,7.86246519661992,5.22477912902832,8.201706886291504,/workspace/landmark_probe/outputs/probe_runs/followup_50k_landmark_probe/celeb_within/geometry-fixedcompute-1m-lejepa-imagenet-50ksteps/backbone__g4/best_probe.pt,resnet101,1m,,,,
followup_50k_landmark_probe,cfd_within,geometry-fixedcompute-10k-infonce-random-50ksteps,50000,backbone,g4,32768,infonce,random,cfd,cfd,cfd,test,347,4.309503078460693,3.5118162631988525,5.410127639770508,/workspace/landmark_probe/outputs/probe_runs/followup_50k_landmark_probe/cfd_within/geometry-fixedcompute-10k-infonce-random-50ksteps/backbone__g4/best_probe.pt,resnet101,10k,,,,
followup_50k_landmark_probe,cfd_within,geometry-fixedcompute-100k-infonce-random-50ksteps,50000,backbone,g4,32768,infonce,random,cfd,cfd,cfd,test,197,3.83331036567688,2.5452229976654053,4.025519371032715,/workspace/landmark_probe/outputs/probe_runs/followup_50k_landmark_probe/cfd_within/geometry-fixedcompute-100k-infonce-random-50ksteps/backbone__g4/best_probe.pt,resnet101,100k,,,,
followup_50k_landmark_probe,cfd_within,geometry-fixedcompute-1m-infonce-random-50ksteps,50000,backbone,g4,32768,infonce,random,cfd,cfd,cfd,test,180,4.044797420501709,3.2018959522247314,4.9530229568481445,/workspace/landmark_probe/outputs/probe_runs/followup_50k_landmark_probe/cfd_within/geometry-fixedcompute-1m-infonce-random-50ksteps/backbone__g4/best_probe.pt,resnet101,1m,,,,
followup_50k_landmark_probe,cfd_within,geometry-fixedcompute-10k-vicreg-random-50ksteps,50000,backbone,g4,32768,vicreg,random,cfd,cfd,cfd,test,263,4.070761203765868,3.168797016143799,4.9142680168151855,/workspace/landmark_probe/outputs/probe_runs/followup_50k_landmark_probe/cfd_within/geometry-fixedcompute-10k-vicreg-random-50ksteps/backbone__g4/best_probe.pt,resnet101,10k,,,,
followup_50k_landmark_probe,cfd_within,geometry-fixedcompute-100k-vicreg-random-50ksteps,50000,backbone,g4,32768,vicreg,random,cfd,cfd,cfd,test,294,3.7638401985168457,2.508047103881836,3.937283754348755,/workspace/landmark_probe/outputs/probe_runs/followup_50k_landmark_probe/cfd_within/geometry-fixedcompute-100k-vicreg-random-50ksteps/backbone__g4/best_probe.pt,resnet101,100k,,,,
followup_50k_landmark_probe,cfd_within,geometry-fixedcompute-1m-vicreg-random-50ksteps,50000,backbone,g4,32768,vicreg,random,cfd,cfd,cfd,test,318,3.687822580337525,2.5376884937286377,3.9886455535888667,/workspace/landmark_probe/outputs/probe_runs/followup_50k_landmark_probe/cfd_within/geometry-fixedcompute-1m-vicreg-random-50ksteps/backbone__g4/best_probe.pt,resnet101,1m,,,,
followup_50k_landmark_probe,cfd_within,geometry-fixedcompute-10k-lejepa-random-50ksteps,50000,backbone,g4,32768,lejepa,random,cfd,cfd,cfd,test,424,4.060436248779297,2.646048069000244,4.160947799682616,/workspace/landmark_probe/outputs/probe_runs/followup_50k_landmark_probe/cfd_within/geometry-fixedcompute-10k-lejepa-random-50ksteps/backbone__g4/best_probe.pt,resnet101,10k,,,,
followup_50k_landmark_probe,cfd_within,geometry-fixedcompute-100k-lejepa-random-50ksteps,50000,backbone,g4,32768,lejepa,random,cfd,cfd,cfd,test,450,3.948544025421143,2.571373701095581,4.047849655151366,/workspace/landmark_probe/outputs/probe_runs/followup_50k_landmark_probe/cfd_within/geometry-fixedcompute-100k-lejepa-random-50ksteps/backbone__g4/best_probe.pt,resnet101,100k,,,,
followup_50k_landmark_probe,cfd_within,geometry-fixedcompute-1m-lejepa-random-50ksteps,50000,backbone,g4,32768,lejepa,random,cfd,cfd,cfd,test,347,4.1169538497924805,2.667404890060425,4.199650287628174,/workspace/landmark_probe/outputs/probe_runs/followup_50k_landmark_probe/cfd_within/geometry-fixedcompute-1m-lejepa-random-50ksteps/backbone__g4/best_probe.pt,resnet101,1m,,,,
followup_50k_landmark_probe,cfd_within,geometry-fixedcompute-10k-infonce-imagenet-50ksteps,50000,backbone,g4,32768,infonce,imagenet,cfd,cfd,cfd,test,358,10.43490982055664,7.8008551597595215,11.729509353637695,/workspace/landmark_probe/outputs/probe_runs/followup_50k_landmark_probe/cfd_within/geometry-fixedcompute-10k-infonce-imagenet-50ksteps/backbone__g4/best_probe.pt,resnet101,10k,,,,
followup_50k_landmark_probe,cfd_within,geometry-fixedcompute-100k-infonce-imagenet-50ksteps,50000,backbone,g4,32768,infonce,imagenet,cfd,cfd,cfd,test,424,4.279738426208496,2.979553699493408,4.666220664978027,/workspace/landmark_probe/outputs/probe_runs/followup_50k_landmark_probe/cfd_within/geometry-fixedcompute-100k-infonce-imagenet-50ksteps/backbone__g4/best_probe.pt,resnet101,100k,,,,
followup_50k_landmark_probe,cfd_within,geometry-fixedcompute-1m-infonce-imagenet-50ksteps,50000,backbone,g4,32768,infonce,imagenet,cfd,cfd,cfd,test,299,4.439042091369629,2.853899478912353,4.4774274826049805,/workspace/landmark_probe/outputs/probe_runs/followup_50k_landmark_probe/cfd_within/geometry-fixedcompute-1m-infonce-imagenet-50ksteps/backbone__g4/best_probe.pt,resnet101,1m,,,,
followup_50k_landmark_probe,cfd_within,geometry-fixedcompute-10k-vicreg-imagenet-50ksteps,50000,backbone,g4,32768,vicreg,imagenet,cfd,cfd,cfd,test,698,6.663674831390381,4.1783857345581055,6.474675178527832,/workspace/landmark_probe/outputs/probe_runs/followup_50k_landmark_probe/cfd_within/geometry-fixedcompute-10k-vicreg-imagenet-50ksteps/backbone__g4/best_probe.pt,resnet101,10k,,,,
followup_50k_landmark_probe,cfd_within,geometry-fixedcompute-100k-vicreg-imagenet-50ksteps,50000,backbone,g4,32768,vicreg,imagenet,cfd,cfd,cfd,test,401,4.574835777282715,3.1047146320343018,4.797965049743652,/workspace/landmark_probe/outputs/probe_runs/followup_50k_landmark_probe/cfd_within/geometry-fixedcompute-100k-vicreg-imagenet-50ksteps/backbone__g4/best_probe.pt,resnet101,100k,,,,
followup_50k_landmark_probe,cfd_within,geometry-fixedcompute-1m-vicreg-imagenet-50ksteps,50000,backbone,g4,32768,vicreg,imagenet,cfd,cfd,cfd,test,538,4.4683499336242685,2.9312260150909424,4.632867336273193,/workspace/landmark_probe/outputs/probe_runs/followup_50k_landmark_probe/cfd_within/geometry-fixedcompute-1m-vicreg-imagenet-50ksteps/backbone__g4/best_probe.pt,resnet101,1m,,,,
followup_50k_landmark_probe,cfd_within,geometry-fixedcompute-10k-lejepa-imagenet-50ksteps,50000,backbone,g4,32768,lejepa,imagenet,cfd,cfd,cfd,test,341,9.014130592346193,5.691030979156494,8.72878360748291,/workspace/landmark_probe/outputs/probe_runs/followup_50k_landmark_probe/cfd_within/geometry-fixedcompute-10k-lejepa-imagenet-50ksteps/backbone__g4/best_probe.pt,resnet101,10k,,,,
followup_50k_landmark_probe,cfd_within,geometry-fixedcompute-100k-lejepa-imagenet-50ksteps,50000,backbone,g4,32768,lejepa,imagenet,cfd,cfd,cfd,test,226,5.452151298522949,3.97573184967041,6.14628791809082,/workspace/landmark_probe/outputs/probe_runs/followup_50k_landmark_probe/cfd_within/geometry-fixedcompute-100k-lejepa-imagenet-50ksteps/backbone__g4/best_probe.pt,resnet101,100k,,,,
followup_50k_landmark_probe,cfd_within,geometry-fixedcompute-1m-lejepa-imagenet-50ksteps,50000,backbone,g4,32768,lejepa,imagenet,cfd,cfd,cfd,test,372,5.04587459564209,3.640031337738037,5.66350793838501,/workspace/landmark_probe/outputs/probe_runs/followup_50k_landmark_probe/cfd_within/geometry-fixedcompute-1m-lejepa-imagenet-50ksteps/backbone__g4/best_probe.pt,resnet101,1m,,,,
vit_b16_50k_landmark_probe,celeb_within,geometry-fixedcompute-vit-b16-10k-infonce-random-50ksteps,50000,backbone,g4,12288,infonce,random,celeb,celeb,celeb,test,666,7.7351093500689725,5.121756076812744,8.157227516174316,/workspace/landmark_probe/outputs/probe_runs/vit_b16_50k_landmark_probe/celeb_within/geometry-fixedcompute-vit-b16-10k-infonce-random-50ksteps/backbone__g4/best_probe.pt,vit_b16,10k,,,,
vit_b16_50k_landmark_probe,celeb_within,geometry-fixedcompute-vit-b16-100k-infonce-random-50ksteps,50000,backbone,g4,12288,infonce,random,celeb,celeb,celeb,test,486,5.958742081793281,3.8746552467346187,6.1341753005981445,/workspace/landmark_probe/outputs/probe_runs/vit_b16_50k_landmark_probe/celeb_within/geometry-fixedcompute-vit-b16-100k-infonce-random-50ksteps/backbone__g4/best_probe.pt,vit_b16,100k,,,,
vit_b16_50k_landmark_probe,celeb_within,geometry-fixedcompute-vit-b16-1m-infonce-random-50ksteps,50000,backbone,g4,12288,infonce,random,celeb,celeb,celeb,test,590,5.844582052178723,3.792537927627564,6.024302959442139,/workspace/landmark_probe/outputs/probe_runs/vit_b16_50k_landmark_probe/celeb_within/geometry-fixedcompute-vit-b16-1m-infonce-random-50ksteps/backbone__g4/best_probe.pt,vit_b16,1m,,,,
vit_b16_50k_landmark_probe,celeb_within,geometry-fixedcompute-vit-b16-10k-vicreg-random-50ksteps,50000,backbone,g4,12288,vicreg,random,celeb,celeb,celeb,test,257,7.397163602172352,4.913940906524658,7.721781730651855,/workspace/landmark_probe/outputs/probe_runs/vit_b16_50k_landmark_probe/celeb_within/geometry-fixedcompute-vit-b16-10k-vicreg-random-50ksteps/backbone__g4/best_probe.pt,vit_b16,10k,,,,
vit_b16_50k_landmark_probe,celeb_within,geometry-fixedcompute-vit-b16-100k-vicreg-random-50ksteps,50000,backbone,g4,12288,vicreg,random,celeb,celeb,celeb,test,416,5.749382933632273,3.832287311553955,6.054274082183838,/workspace/landmark_probe/outputs/probe_runs/vit_b16_50k_landmark_probe/celeb_within/geometry-fixedcompute-vit-b16-100k-vicreg-random-50ksteps/backbone__g4/best_probe.pt,vit_b16,100k,,,,
vit_b16_50k_landmark_probe,celeb_within,geometry-fixedcompute-vit-b16-1m-vicreg-random-50ksteps,50000,backbone,g4,12288,vicreg,random,celeb,celeb,celeb,test,465,5.67428125058367,3.65808367729187,5.814553260803223,/workspace/landmark_probe/outputs/probe_runs/vit_b16_50k_landmark_probe/celeb_within/geometry-fixedcompute-vit-b16-1m-vicreg-random-50ksteps/backbone__g4/best_probe.pt,vit_b16,1m,,,,
vit_b16_50k_landmark_probe,celeb_within,geometry-fixedcompute-vit-b16-10k-lejepa-random-50ksteps,50000,backbone,g4,12288,lejepa,random,celeb,celeb,celeb,test,334,7.009021717342522,4.699454307556152,7.44511079788208,/workspace/landmark_probe/outputs/probe_runs/vit_b16_50k_landmark_probe/celeb_within/geometry-fixedcompute-vit-b16-10k-lejepa-random-50ksteps/backbone__g4/best_probe.pt,vit_b16,10k,,,,
vit_b16_50k_landmark_probe,celeb_within,geometry-fixedcompute-vit-b16-100k-lejepa-random-50ksteps,50000,backbone,g4,12288,lejepa,random,celeb,celeb,celeb,test,196,6.26155992935264,4.137309074401856,6.526176452636719,/workspace/landmark_probe/outputs/probe_runs/vit_b16_50k_landmark_probe/celeb_within/geometry-fixedcompute-vit-b16-100k-lejepa-random-50ksteps/backbone__g4/best_probe.pt,vit_b16,100k,,,,
vit_b16_50k_landmark_probe,celeb_within,geometry-fixedcompute-vit-b16-1m-lejepa-random-50ksteps,50000,backbone,g4,12288,lejepa,random,celeb,celeb,celeb,test,363,5.920775270201468,3.9243218898773193,6.218994617462157,/workspace/landmark_probe/outputs/probe_runs/vit_b16_50k_landmark_probe/celeb_within/geometry-fixedcompute-vit-b16-1m-lejepa-random-50ksteps/backbone__g4/best_probe.pt,vit_b16,1m,,,,
vit_b16_50k_landmark_probe,celeb_within,geometry-fixedcompute-vit-b16-10k-infonce-imagenet-50ksteps,50000,backbone,g4,12288,infonce,imagenet,celeb,celeb,celeb,test,434,7.858959312647419,5.187897205352783,8.206588745117188,/workspace/landmark_probe/outputs/probe_runs/vit_b16_50k_landmark_probe/celeb_within/geometry-fixedcompute-vit-b16-10k-infonce-imagenet-50ksteps/backbone__g4/best_probe.pt,vit_b16,10k,,,,
vit_b16_50k_landmark_probe,celeb_within,geometry-fixedcompute-vit-b16-100k-infonce-imagenet-50ksteps,50000,backbone,g4,12288,infonce,imagenet,celeb,celeb,celeb,test,325,5.7812846032648135,3.873178720474243,6.137748718261719,/workspace/landmark_probe/outputs/probe_runs/vit_b16_50k_landmark_probe/celeb_within/geometry-fixedcompute-vit-b16-100k-infonce-imagenet-50ksteps/backbone__g4/best_probe.pt,vit_b16,100k,,,,
vit_b16_50k_landmark_probe,celeb_within,geometry-fixedcompute-vit-b16-1m-infonce-imagenet-50ksteps,50000,backbone,g4,12288,infonce,imagenet,celeb,celeb,celeb,test,479,5.3894646415293535,3.5011179447174072,5.525100231170653,/workspace/landmark_probe/outputs/probe_runs/vit_b16_50k_landmark_probe/celeb_within/geometry-fixedcompute-vit-b16-1m-infonce-imagenet-50ksteps/backbone__g4/best_probe.pt,vit_b16,1m,,,,
vit_b16_50k_landmark_probe,celeb_within,geometry-fixedcompute-vit-b16-10k-vicreg-imagenet-50ksteps,50000,backbone,g4,12288,vicreg,imagenet,celeb,celeb,celeb,test,257,9.880218604874742,6.252299785614014,9.785806655883787,/workspace/landmark_probe/outputs/probe_runs/vit_b16_50k_landmark_probe/celeb_within/geometry-fixedcompute-vit-b16-10k-vicreg-imagenet-50ksteps/backbone__g4/best_probe.pt,vit_b16,10k,,,,
vit_b16_50k_landmark_probe,celeb_within,geometry-fixedcompute-vit-b16-100k-vicreg-imagenet-50ksteps,50000,backbone,g4,12288,vicreg,imagenet,celeb,celeb,celeb,test,264,6.153259180934051,4.1380600929260245,6.486960887908936,/workspace/landmark_probe/outputs/probe_runs/vit_b16_50k_landmark_probe/celeb_within/geometry-fixedcompute-vit-b16-100k-vicreg-imagenet-50ksteps/backbone__g4/best_probe.pt,vit_b16,100k,,,,
vit_b16_50k_landmark_probe,celeb_within,geometry-fixedcompute-vit-b16-1m-vicreg-imagenet-50ksteps,50000,backbone,g4,12288,vicreg,imagenet,celeb,celeb,celeb,test,389,5.839684301386765,3.961257934570313,6.23726749420166,/workspace/landmark_probe/outputs/probe_runs/vit_b16_50k_landmark_probe/celeb_within/geometry-fixedcompute-vit-b16-1m-vicreg-imagenet-50ksteps/backbone__g4/best_probe.pt,vit_b16,1m,,,,
vit_b16_50k_landmark_probe,celeb_within,geometry-fixedcompute-vit-b16-10k-lejepa-imagenet-50ksteps,50000,backbone,g4,12288,lejepa,imagenet,celeb,celeb,celeb,test,351,8.489376954042195,5.8401427268981925,9.171014785766602,/workspace/landmark_probe/outputs/probe_runs/vit_b16_50k_landmark_probe/celeb_within/geometry-fixedcompute-vit-b16-10k-lejepa-imagenet-50ksteps/backbone__g4/best_probe.pt,vit_b16,10k,,,,
vit_b16_50k_landmark_probe,celeb_within,geometry-fixedcompute-vit-b16-100k-lejepa-imagenet-50ksteps,50000,backbone,g4,12288,lejepa,imagenet,celeb,celeb,celeb,test,316,5.96081975770127,3.902023315429688,6.134720802307129,/workspace/landmark_probe/outputs/probe_runs/vit_b16_50k_landmark_probe/celeb_within/geometry-fixedcompute-vit-b16-100k-lejepa-imagenet-50ksteps/backbone__g4/best_probe.pt,vit_b16,100k,,,,
vit_b16_50k_landmark_probe,celeb_within,geometry-fixedcompute-vit-b16-1m-lejepa-imagenet-50ksteps,50000,backbone,g4,12288,lejepa,imagenet,celeb,celeb,celeb,test,498,5.879245466221877,3.739330768585205,5.914809703826903,/workspace/landmark_probe/outputs/probe_runs/vit_b16_50k_landmark_probe/celeb_within/geometry-fixedcompute-vit-b16-1m-lejepa-imagenet-50ksteps/backbone__g4/best_probe.pt,vit_b16,1m,,,,
vit_b16_50k_landmark_probe,cfd_within,geometry-fixedcompute-vit-b16-10k-infonce-random-50ksteps,50000,backbone,g4,12288,infonce,random,cfd,cfd,cfd,test,852,4.736746788024902,3.2110412120819087,5.065587043762207,/workspace/landmark_probe/outputs/probe_runs/vit_b16_50k_landmark_probe/cfd_within/geometry-fixedcompute-vit-b16-10k-infonce-random-50ksteps/backbone__g4/best_probe.pt,vit_b16,10k,,,,
vit_b16_50k_landmark_probe,cfd_within,geometry-fixedcompute-vit-b16-100k-infonce-random-50ksteps,50000,backbone,g4,12288,infonce,random,cfd,cfd,cfd,test,879,3.6633341312408447,2.5013997554779053,3.9290289878845215,/workspace/landmark_probe/outputs/probe_runs/vit_b16_50k_landmark_probe/cfd_within/geometry-fixedcompute-vit-b16-100k-infonce-random-50ksteps/backbone__g4/best_probe.pt,vit_b16,100k,,,,
vit_b16_50k_landmark_probe,cfd_within,geometry-fixedcompute-vit-b16-1m-infonce-random-50ksteps,50000,backbone,g4,12288,infonce,random,cfd,cfd,cfd,test,650,3.7201721668243413,2.459713935852051,3.87247085571289,/workspace/landmark_probe/outputs/probe_runs/vit_b16_50k_landmark_probe/cfd_within/geometry-fixedcompute-vit-b16-1m-infonce-random-50ksteps/backbone__g4/best_probe.pt,vit_b16,1m,,,,
vit_b16_50k_landmark_probe,cfd_within,geometry-fixedcompute-vit-b16-10k-vicreg-random-50ksteps,50000,backbone,g4,12288,vicreg,random,cfd,cfd,cfd,test,419,4.452919483184815,2.9412665367126465,4.585653305053711,/workspace/landmark_probe/outputs/probe_runs/vit_b16_50k_landmark_probe/cfd_within/geometry-fixedcompute-vit-b16-10k-vicreg-random-50ksteps/backbone__g4/best_probe.pt,vit_b16,10k,,,,
vit_b16_50k_landmark_probe,cfd_within,geometry-fixedcompute-vit-b16-100k-vicreg-random-50ksteps,50000,backbone,g4,12288,vicreg,random,cfd,cfd,cfd,test,250,3.6515321731567374,2.387058019638061,3.770351409912109,/workspace/landmark_probe/outputs/probe_runs/vit_b16_50k_landmark_probe/cfd_within/geometry-fixedcompute-vit-b16-100k-vicreg-random-50ksteps/backbone__g4/best_probe.pt,vit_b16,100k,,,,
vit_b16_50k_landmark_probe,cfd_within,geometry-fixedcompute-vit-b16-1m-vicreg-random-50ksteps,50000,backbone,g4,12288,vicreg,random,cfd,cfd,cfd,test,397,3.489504098892212,2.3371922969818115,3.6564617156982417,/workspace/landmark_probe/outputs/probe_runs/vit_b16_50k_landmark_probe/cfd_within/geometry-fixedcompute-vit-b16-1m-vicreg-random-50ksteps/backbone__g4/best_probe.pt,vit_b16,1m,,,,
vit_b16_50k_landmark_probe,cfd_within,geometry-fixedcompute-vit-b16-10k-lejepa-random-50ksteps,50000,backbone,g4,12288,lejepa,random,cfd,cfd,cfd,test,311,4.43499755859375,2.773335695266724,4.352360725402832,/workspace/landmark_probe/outputs/probe_runs/vit_b16_50k_landmark_probe/cfd_within/geometry-fixedcompute-vit-b16-10k-lejepa-random-50ksteps/backbone__g4/best_probe.pt,vit_b16,10k,,,,
vit_b16_50k_landmark_probe,cfd_within,geometry-fixedcompute-vit-b16-100k-lejepa-random-50ksteps,50000,backbone,g4,12288,lejepa,random,cfd,cfd,cfd,test,637,3.656098127365112,2.339261770248413,3.6602373123168954,/workspace/landmark_probe/outputs/probe_runs/vit_b16_50k_landmark_probe/cfd_within/geometry-fixedcompute-vit-b16-100k-lejepa-random-50ksteps/backbone__g4/best_probe.pt,vit_b16,100k,,,,
vit_b16_50k_landmark_probe,cfd_within,geometry-fixedcompute-vit-b16-1m-lejepa-random-50ksteps,50000,backbone,g4,12288,lejepa,random,cfd,cfd,cfd,test,304,3.7475159168243413,2.484179973602295,3.9014890193939213,/workspace/landmark_probe/outputs/probe_runs/vit_b16_50k_landmark_probe/cfd_within/geometry-fixedcompute-vit-b16-1m-lejepa-random-50ksteps/backbone__g4/best_probe.pt,vit_b16,1m,,,,
vit_b16_50k_landmark_probe,cfd_within,geometry-fixedcompute-vit-b16-10k-infonce-imagenet-50ksteps,50000,backbone,g4,12288,infonce,imagenet,cfd,cfd,cfd,test,581,4.211375236511231,2.8938329219818115,4.5728960037231445,/workspace/landmark_probe/outputs/probe_runs/vit_b16_50k_landmark_probe/cfd_within/geometry-fixedcompute-vit-b16-10k-infonce-imagenet-50ksteps/backbone__g4/best_probe.pt,vit_b16,10k,,,,
vit_b16_50k_landmark_probe,cfd_within,geometry-fixedcompute-vit-b16-100k-infonce-imagenet-50ksteps,50000,backbone,g4,12288,infonce,imagenet,cfd,cfd,cfd,test,270,3.6003165245056152,2.334847927093506,3.68078875541687,/workspace/landmark_probe/outputs/probe_runs/vit_b16_50k_landmark_probe/cfd_within/geometry-fixedcompute-vit-b16-100k-infonce-imagenet-50ksteps/backbone__g4/best_probe.pt,vit_b16,100k,,,,
vit_b16_50k_landmark_probe,cfd_within,geometry-fixedcompute-vit-b16-1m-infonce-imagenet-50ksteps,50000,backbone,g4,12288,infonce,imagenet,cfd,cfd,cfd,test,355,3.327641248703003,2.2658722400665283,3.559842824935913,/workspace/landmark_probe/outputs/probe_runs/vit_b16_50k_landmark_probe/cfd_within/geometry-fixedcompute-vit-b16-1m-infonce-imagenet-50ksteps/backbone__g4/best_probe.pt,vit_b16,1m,,,,
vit_b16_50k_landmark_probe,cfd_within,geometry-fixedcompute-vit-b16-10k-vicreg-imagenet-50ksteps,50000,backbone,g4,12288,vicreg,imagenet,cfd,cfd,cfd,test,238,6.422800064086914,4.167649745941162,6.4687113761901855,/workspace/landmark_probe/outputs/probe_runs/vit_b16_50k_landmark_probe/cfd_within/geometry-fixedcompute-vit-b16-10k-vicreg-imagenet-50ksteps/backbone__g4/best_probe.pt,vit_b16,10k,,,,
vit_b16_50k_landmark_probe,cfd_within,geometry-fixedcompute-vit-b16-100k-vicreg-imagenet-50ksteps,50000,backbone,g4,12288,vicreg,imagenet,cfd,cfd,cfd,test,362,3.7149479389190674,2.4499680995941158,3.85517168045044,/workspace/landmark_probe/outputs/probe_runs/vit_b16_50k_landmark_probe/cfd_within/geometry-fixedcompute-vit-b16-100k-vicreg-imagenet-50ksteps/backbone__g4/best_probe.pt,vit_b16,100k,,,,
vit_b16_50k_landmark_probe,cfd_within,geometry-fixedcompute-vit-b16-1m-vicreg-imagenet-50ksteps,50000,backbone,g4,12288,vicreg,imagenet,cfd,cfd,cfd,test,254,3.7358493804931636,2.443066120147705,3.869502305984497,/workspace/landmark_probe/outputs/probe_runs/vit_b16_50k_landmark_probe/cfd_within/geometry-fixedcompute-vit-b16-1m-vicreg-imagenet-50ksteps/backbone__g4/best_probe.pt,vit_b16,1m,,,,
vit_b16_50k_landmark_probe,cfd_within,geometry-fixedcompute-vit-b16-10k-lejepa-imagenet-50ksteps,50000,backbone,g4,12288,lejepa,imagenet,cfd,cfd,cfd,test,493,4.909327507019043,3.336778402328491,5.177791118621826,/workspace/landmark_probe/outputs/probe_runs/vit_b16_50k_landmark_probe/cfd_within/geometry-fixedcompute-vit-b16-10k-lejepa-imagenet-50ksteps/backbone__g4/best_probe.pt,vit_b16,10k,,,,
vit_b16_50k_landmark_probe,cfd_within,geometry-fixedcompute-vit-b16-100k-lejepa-imagenet-50ksteps,50000,backbone,g4,12288,lejepa,imagenet,cfd,cfd,cfd,test,275,3.671054124832153,2.3638019561767583,3.6932623386383057,/workspace/landmark_probe/outputs/probe_runs/vit_b16_50k_landmark_probe/cfd_within/geometry-fixedcompute-vit-b16-100k-lejepa-imagenet-50ksteps/backbone__g4/best_probe.pt,vit_b16,100k,,,,
vit_b16_50k_landmark_probe,cfd_within,geometry-fixedcompute-vit-b16-1m-lejepa-imagenet-50ksteps,50000,backbone,g4,12288,lejepa,imagenet,cfd,cfd,cfd,test,420,3.5731847286224365,2.4234468936920166,3.7969017028808594,/workspace/landmark_probe/outputs/probe_runs/vit_b16_50k_landmark_probe/cfd_within/geometry-fixedcompute-vit-b16-1m-lejepa-imagenet-50ksteps/backbone__g4/best_probe.pt,vit_b16,1m,,,,
