Model,Initialization,Objective,Mean L2,Mean MAE,Iris Centroid,Medial Canthus,Lateral Canthus,run_name
ViT,DINOv2 ViT-B,DINOv2,5.0412936210632315,3.2255277633666988,4.9134554862976065,5.548766613006592,5.670902729034424,baseline-dinov2-vitb14
ViT,MAE ViT-B,MAE,8.893306732177734,5.883378028869629,7.5305328369140625,9.797966003417967,10.473915100097656,baseline-mae-vitb16-in1k-pretrain
ResNet-101,ImageNet,Baseline,12.084649085998535,7.902431964874268,10.947469711303713,15.036883354187012,13.35745334625244,baseline-imagenet
ResNet-101,ImageNet,InfoNCE,6.041897296905518,3.867227792739868,5.402406692504883,6.554527759552003,6.666722297668457,geometry-fixedcompute-1m-infonce-imagenet-50ksteps
ResNet-101,ImageNet,LeJEPA,6.8211164474487305,4.357618808746338,6.170276165008545,8.808096885681152,7.466457843780518,geometry-fixedcompute-1m-lejepa-imagenet-50ksteps
ResNet-101,ImageNet,VICReg,5.513180732727051,3.5116062164306636,5.129964828491211,6.997693538665772,6.009951591491699,geometry-fixedcompute-1m-vicreg-imagenet-50ksteps
ResNet-101,Random,Baseline,14.244479179382324,8.388373374938965,7.375523090362549,39.20841598510742,34.33211135864258,baseline-random
ResNet-101,Random,InfoNCE,10.328690528869627,6.951441764831543,9.270540237426758,11.282755851745605,10.797240257263184,geometry-fixedcompute-1m-infonce-random-50ksteps
ResNet-101,Random,LeJEPA,5.164453506469727,3.2871277332305913,5.046523094177246,6.869106769561768,6.461647987365723,geometry-fixedcompute-1m-lejepa-random-50ksteps
ResNet-101,Random,VICReg,4.939653873443604,3.1629211902618413,4.552573204040527,5.6095542907714835,5.592986106872559,geometry-fixedcompute-1m-vicreg-random-50ksteps
ViT,ImageNet,Baseline,6.565619945526122,4.212694168090819,5.848926544189452,7.278957843780518,7.1474223136901855,baseline-vit-b16-imagenet
ViT,ImageNet,InfoNCE,5.132190227508545,3.287862539291382,5.012134075164795,6.312734127044678,5.611555576324463,geometry-fixedcompute-vit-b16-1m-infonce-imagenet-50ksteps
ViT,ImageNet,LeJEPA,5.293309211730957,3.350905179977417,5.840286731719972,6.625387191772461,5.4881134033203125,geometry-fixedcompute-vit-b16-1m-lejepa-imagenet-50ksteps
ViT,ImageNet,VICReg,4.786300182342528,3.0449087619781494,4.397553443908691,5.887004852294923,4.962345600128174,geometry-fixedcompute-vit-b16-1m-vicreg-imagenet-50ksteps
ViT,Random,Baseline,7.209290981292725,4.551548957824707,6.526808738708496,8.236211776733397,9.186579704284668,baseline-vit-b16-random
ViT,Random,InfoNCE,4.236732482910156,2.654771327972412,3.3963849544525133,6.1623287200927725,4.838839530944824,geometry-fixedcompute-vit-b16-1m-infonce-random-50ksteps
ViT,Random,LeJEPA,4.419031143188477,2.8256518840789795,4.230175495147705,5.505871295928955,4.666284084320068,geometry-fixedcompute-vit-b16-1m-lejepa-random-50ksteps
ViT,Random,VICReg,4.598608493804932,2.9184727668762207,4.223421573638916,5.815598487854004,5.548125267028809,geometry-fixedcompute-vit-b16-1m-vicreg-random-50ksteps
