sample_id,mean_l2,iris_centroid_true_x,iris_centroid_true_y,iris_centroid_pred_x,iris_centroid_pred_y,iris_centroid_err_x,iris_centroid_err_y,iris_centroid_l2,iris_superior_true_x,iris_superior_true_y,iris_superior_pred_x,iris_superior_pred_y,iris_superior_err_x,iris_superior_err_y,iris_superior_l2,iris_inferior_true_x,iris_inferior_true_y,iris_inferior_pred_x,iris_inferior_pred_y,iris_inferior_err_x,iris_inferior_err_y,iris_inferior_l2,sclera_superior_true_x,sclera_superior_true_y,sclera_superior_pred_x,sclera_superior_pred_y,sclera_superior_err_x,sclera_superior_err_y,sclera_superior_l2,sclera_inferior_true_x,sclera_inferior_true_y,sclera_inferior_pred_x,sclera_inferior_pred_y,sclera_inferior_err_x,sclera_inferior_err_y,sclera_inferior_l2,medial_canthus_true_x,medial_canthus_true_y,medial_canthus_pred_x,medial_canthus_pred_y,medial_canthus_err_x,medial_canthus_err_y,medial_canthus_l2,lateral_canthus_true_x,lateral_canthus_true_y,lateral_canthus_pred_x,lateral_canthus_pred_y,lateral_canthus_err_x,lateral_canthus_err_y,lateral_canthus_l2,lid_superior_true_x,lid_superior_true_y,lid_superior_pred_x,lid_superior_pred_y,lid_superior_err_x,lid_superior_err_y,lid_superior_l2,lid_inferior_true_x,lid_inferior_true_y,lid_inferior_pred_x,lid_inferior_pred_y,lid_inferior_err_x,lid_inferior_err_y,lid_inferior_l2,example_type,model_family,model_label,objective,objective_order,model_order,column_order,run_name,image_path
765_cfd_r,1.9503034353256223,126.08000183105469,140.09622192382812,125.66204833984376,139.54949951171878,-0.4179534912109375,-0.546722412109375,0.6881791312718691,126.08000183105469,114.45906829833984,125.50804901123048,112.45648956298828,-0.5719528198242188,-2.0025787353515625,2.082654944868962,126.08000183105469,165.73336791992188,125.6199722290039,165.28778076171875,-0.4600296020507813,-0.445587158203125,0.6404491785602796,126.08000183105469,127.78006744384766,125.2944793701172,125.85445404052734,-0.7855224609375,-1.9256134033203125,2.0796712518290343,126.08000183105469,158.57044982910156,125.43441009521484,156.55543518066406,-0.6455917358398438,-2.0150146484375,2.115909431616203,179.1999969482422,146.25430297851562,176.7108612060547,149.45388793945312,-2.4891357421875,3.1995849609375,4.053781033219819,90.23999786376952,142.40550231933594,90.52163696289062,143.3419189453125,0.2816390991210937,0.9364166259765624,0.977853097126082,126.08000183105469,110.07559967041016,125.05809020996094,108.06689453125,-1.02191162109375,-2.008705139160156,2.2537079884969304,126.08000183105469,127.01030731201172,125.58583068847656,124.39608001708984,-0.494171142578125,-2.614227294921875,2.660524284360418,best,resnet101,ResNet-101,vicreg,0,0,0,geometry-fixedcompute-1m-vicreg-random-50ksteps,/home/georgie/Desktop/representation-jepa/landmark_probe/data/periorbital_224_v2/cfd/images/765_cfd_r.jpg
459_cfd_l,4.2420268058776855,124.23529052734376,131.14181518554688,126.38380432128906,132.40348815917972,2.1485137939453125,1.2616729736328125,2.4915718362448924,124.23529052734376,101.8719711303711,126.29783630371094,105.9485092163086,2.0625457763671875,4.0765380859375,4.56861662275454,124.23529052734376,160.4116668701172,126.35813903808594,159.7270965576172,2.1228485107421875,-0.6845703125,2.2304982206486224,124.23529052734376,113.22181701660156,126.24351501464844,117.7806396484375,2.0082244873046875,4.5588226318359375,4.981548893662464,124.23529052734376,162.09454345703125,125.94031524658205,154.17626953125,1.7050247192382812,-7.91827392578125,8.099763654386512,65.88235473632811,152.32000732421875,65.38028717041016,148.0738525390625,-0.5020675659179688,-4.24615478515625,4.2757341241302775,169.41175842285156,139.28727722167972,163.62518310546875,137.83175659179688,-5.7865753173828125,-1.4555206298828125,5.966824465975051,124.23529052734376,101.0036392211914,126.24832153320312,101.28771209716795,2.013031005859375,0.2840728759765625,2.0329759539691565,124.23529052734376,112.4072723388672,126.19189453125,115.34625244140624,1.95660400390625,2.9389801025390625,3.5307086075209444,best,resnet101,ResNet-101,infonce,1,0,1,geometry-fixedcompute-1m-infonce-random-50ksteps,/home/georgie/Desktop/representation-jepa/landmark_probe/data/periorbital_224_v2/cfd/images/459_cfd_l.jpg
528_cfd_l,1.3665544986724854,118.92134857177734,140.54902648925778,118.83264923095705,142.00076293945312,-0.0886993408203125,1.4517364501953125,1.4544436372330298,118.92134857177734,113.15519714355469,118.5620574951172,114.45401763916016,-0.35929107666015625,1.2988204956054688,1.3475996280692757,118.92134857177734,167.94284057617188,118.86278533935548,168.0413360595703,-0.058563232421875,0.0984954833984375,0.11459062981583805,118.92134857177734,126.4941177368164,118.74889373779295,128.50784301757812,-0.172454833984375,2.0137252807617188,2.021096280770276,118.92134857177734,158.99607849121094,118.69512176513672,159.56414794921875,-0.226226806640625,0.5680694580078125,0.6114584835981136,70.47190856933594,156.36077880859375,69.77548217773439,155.027099609375,-0.6964263916015625,-1.33367919921875,1.50456303468746,156.67416381835938,146.6980438232422,157.74591064453125,145.14193725585938,1.071746826171875,-1.5561065673828125,1.8894731827843991,118.92134857177734,115.0745086669922,118.4336395263672,112.49224090576172,-0.4877090454101562,-2.5822677612304688,2.6279206425737263,118.92134857177734,125.61568450927734,118.3947525024414,126.11813354492188,-0.5265960693359375,0.5024490356445312,0.7278450753149182,best,resnet101,ResNet-101,lejepa,2,0,2,geometry-fixedcompute-1m-lejepa-random-50ksteps,/home/georgie/Desktop/representation-jepa/landmark_probe/data/periorbital_224_v2/cfd/images/528_cfd_l.jpg
527_cfd_l,1.7783387899398804,123.01639556884766,138.32981872558594,123.12825012207031,140.31373596191406,0.11185455322265624,1.983917236328125,1.987067950945932,123.01639556884766,111.41985321044922,122.98967742919922,110.8042984008789,-0.0267181396484375,-0.6155548095703125,0.6161343867789049,123.01639556884766,165.2397918701172,122.85938262939452,169.2903289794922,-0.157012939453125,4.050537109375,4.0535791515128565,123.01639556884766,121.0385971069336,122.7917251586914,122.69934844970705,-0.22467041015625,1.6607513427734375,1.6758794156273753,123.01639556884766,162.69473266601562,122.8412628173828,163.26426696777344,-0.17513275146484375,0.5695343017578125,0.5958530032771554,67.32240295410156,154.0491180419922,66.07884979248047,156.2191619873047,-1.2435531616210938,2.1700439453125,2.501102794841759,160.9617462158203,142.2596435546875,162.37051391601562,144.90029907226562,1.4087677001953125,2.640655517578125,2.992939691278357,123.01639556884766,101.38947296142578,123.0154800415039,102.86531829833984,-0.00091552734375,1.4758453369140625,1.4758456208836004,123.01639556884766,120.25263214111328,122.96700286865234,120.15811157226562,-0.0493927001953125,-0.09452056884765624,0.10664791028364573,best,vit_b16,ViT-B/16,vicreg,0,1,3,geometry-fixedcompute-vit-b16-1m-vicreg-random-50ksteps,/home/georgie/Desktop/representation-jepa/landmark_probe/data/periorbital_224_v2/cfd/images/527_cfd_l.jpg
527_cfd_l,1.7710202932357788,123.01639556884766,138.32981872558594,123.01242065429688,138.60940551757812,-0.00397491455078125,0.2795867919921875,0.2796150464516685,123.01639556884766,111.41985321044922,123.15663146972656,110.44839477539062,0.14023590087890625,-0.9714584350585938,0.9815281956937408,123.01639556884766,165.2397918701172,122.85293579101562,165.84881591796875,-0.16345977783203125,0.6090240478515625,0.6305786151071089,123.01639556884766,121.0385971069336,122.83177947998048,120.77019500732422,-0.1846160888671875,-0.268402099609375,0.3257649265088833,123.01639556884766,162.69473266601562,123.07234954833984,158.95538330078125,0.0559539794921875,-3.739349365234375,3.739767977174485,67.32240295410156,154.0491180419922,69.11713409423828,151.87576293945312,1.7947311401367188,-2.1733551025390625,2.81860466669397,160.9617462158203,142.2596435546875,163.2553253173828,143.3236846923828,2.2935791015625,1.0640411376953125,2.5283766803686865,123.01639556884766,101.38947296142578,122.82595825195312,98.45719909667969,-0.19043731689453125,-2.9322738647460938,2.9384513590561583,123.01639556884766,120.25263214111328,122.65943908691406,118.5941162109375,-0.3569564819335937,-1.6585159301757812,1.6964943326286843,best,vit_b16,ViT-B/16,infonce,1,1,4,geometry-fixedcompute-vit-b16-1m-infonce-random-50ksteps,/home/georgie/Desktop/representation-jepa/landmark_probe/data/periorbital_224_v2/cfd/images/527_cfd_l.jpg
662_cfd_r,1.578547120094299,120.90908813476562,135.66197204589844,120.45781707763672,134.37187194824222,-0.4512710571289063,-1.29010009765625,1.3667493658220249,120.90908813476562,108.47071838378906,120.46511840820312,107.2484130859375,-0.4439697265625,-1.2223052978515625,1.3004381412662342,120.90908813476562,162.8532257080078,120.40542602539062,161.85128784179688,-0.503662109375,-1.0019378662109375,1.121407601261647,120.90908813476562,116.73239135742188,120.48971557617188,120.62308502197266,-0.41937255859375,3.890693664550781,3.9132301918334753,120.90908813476562,157.74647521972656,120.22502136230469,155.7329559326172,-0.6840667724609375,-2.013519287109375,2.126548205131163,179.4545440673828,149.85916137695312,179.06008911132812,149.34979248046875,-0.3944549560546875,-0.509368896484375,0.6442448176445158,79.54545593261719,139.60563659667972,80.6972885131836,139.51803588867188,1.1518325805664062,-0.0876007080078125,1.1551589404483422,120.90908813476562,108.05633544921876,120.79106903076172,107.67141723632812,-0.11801910400390625,-0.384918212890625,0.40260469386831216,120.90908813476562,115.94366455078124,120.37931823730469,118.05474853515624,-0.5297698974609375,2.111083984375,2.1765412317115422,best,vit_b16,ViT-B/16,lejepa,2,1,5,geometry-fixedcompute-vit-b16-1m-lejepa-random-50ksteps,/home/georgie/Desktop/representation-jepa/landmark_probe/data/periorbital_224_v2/cfd/images/662_cfd_r.jpg
230_cfd_r,9.79153060913086,119.08045959472656,134.70790100097656,109.16427612304688,131.84100341796878,-9.916183471679688,-2.8668975830078125,10.3222960815639,119.08045959472656,108.88938903808594,109.0380859375,105.46886444091795,-10.042373657226562,-3.4205245971679688,10.60892346994685,119.08045959472656,160.52642822265625,109.07324981689452,156.87359619140625,-10.007209777832033,-3.65283203125,10.653047891850623,119.08045959472656,117.00343322753906,108.8956527709961,116.79037475585938,-10.184806823730467,-0.2130584716796875,10.187035091186306,119.08045959472656,157.80068969726562,109.01570129394531,151.21400451660156,-10.06475830078125,-6.586685180664063,12.02845714638102,175.08045959472656,148.56356811523438,167.4388885498047,144.88177490234375,-7.641571044921875,-3.681793212890625,8.482287975368196,73.37931060791016,139.32646179199222,72.22100830078125,135.02508544921878,-1.1583023071289062,-4.3013763427734375,4.454604659997465,119.08045959472656,103.9175262451172,108.6619644165039,99.39322662353516,-10.418495178222656,-4.524299621582031,11.35844746629116,119.08045959472656,116.23368072509766,109.09207153320312,115.33554077148438,-9.988388061523438,-0.8981399536132812,10.028686426639354,worst,resnet101,ResNet-101,vicreg,0,0,0,geometry-fixedcompute-1m-vicreg-random-50ksteps,/home/georgie/Desktop/representation-jepa/landmark_probe/data/periorbital_224_v2/cfd/images/230_cfd_r.jpg
102_cfd_r,21.259431838989254,138.19883728027344,124.77852630615234,118.66921997070312,117.9280014038086,-19.529617309570312,-6.85052490234375,20.69627125102249,138.19883728027344,101.78160095214844,118.5826187133789,96.08997344970705,-19.61621856689453,-5.691627502441406,20.425245518493167,138.19883728027344,147.7754364013672,118.6914520263672,140.669921875,-19.50738525390625,-7.105514526367188,20.76117569235264,138.19883728027344,115.0067138671875,118.43231964111328,104.39727020263672,-19.76651763916016,-10.60944366455078,22.43380294222329,138.19883728027344,145.07382202148438,118.17343139648438,134.28959655761722,-20.025405883789066,-10.784225463867188,22.7445905583287,189.2865447998047,136.05369567871094,168.0946807861328,127.3593521118164,-21.191864013671875,-8.694343566894531,22.90604091573141,99.55555725097656,132.29530334472656,85.3006820678711,123.36443328857422,-14.254875183105467,-8.930870056152344,16.821471589780568,138.19883728027344,93.95973205566406,118.50464630126952,85.29925537109375,-19.694190979003906,-8.660476684570312,21.514297913747143,138.19883728027344,114.25503540039062,118.36591339111328,102.5448760986328,-19.83292388916016,-11.710159301757812,23.0319929851015,worst,resnet101,ResNet-101,infonce,1,0,1,geometry-fixedcompute-1m-infonce-random-50ksteps,/home/georgie/Desktop/representation-jepa/landmark_probe/data/periorbital_224_v2/cfd/images/102_cfd_r.jpg
79_cfd_r,14.374372482299805,139.91590881347656,126.35897064208984,125.87864685058594,130.07232666015622,-14.037261962890625,3.7133560180664062,14.520114887001615,139.91590881347656,104.17096710205078,125.61502075195312,105.9643783569336,-14.300888061523438,1.7934112548828125,14.412901278970999,139.91590881347656,148.54698181152344,126.07672119140624,153.2644500732422,-13.839187622070312,4.71746826171875,14.621136099468734,139.91590881347656,124.71794891357422,125.76302337646484,119.57496643066406,-14.15288543701172,-5.142982482910156,15.058367607835155,139.91590881347656,140.30769348144528,125.73162841796876,142.01300048828125,-14.184280395507812,1.7053070068359375,14.28642300668544,182.9669647216797,128.82051086425778,167.6475372314453,135.82710266113278,-15.319427490234375,7.006591796875,16.845687496703267,104.93693542480469,131.28205871582028,96.50788116455078,133.88194274902344,-8.429054260253906,2.599884033203125,8.82090430219085,139.91590881347656,108.30769348144531,125.44863891601562,104.21602630615234,-14.467269897460938,-4.091667175292969,15.034747705211064,139.91590881347656,123.8974380493164,125.4087905883789,117.71623992919922,-14.507118225097654,-6.181198120117188,15.769073828132735,worst,resnet101,ResNet-101,lejepa,2,0,2,geometry-fixedcompute-1m-lejepa-random-50ksteps,/home/georgie/Desktop/representation-jepa/landmark_probe/data/periorbital_224_v2/cfd/images/79_cfd_r.jpg
102_cfd_r,9.298694610595703,138.19883728027344,124.77852630615234,129.70481872558594,129.68411254882812,-8.4940185546875,4.905586242675781,9.808829063232034,138.19883728027344,101.78160095214844,129.53097534179688,103.9491195678711,-8.667861938476562,2.167518615722656,8.934761750264801,138.19883728027344,147.7754364013672,129.34791564941406,155.0849609375,-8.850921630859375,7.3095245361328125,11.479022722337561,138.19883728027344,115.0067138671875,129.33132934570312,114.90503692626952,-8.867507934570312,-0.10167694091796876,8.86809084132441,138.19883728027344,145.07382202148438,129.3619384765625,147.5367431640625,-8.836898803710938,2.462921142578125,9.173699418532642,189.2865447998047,136.05369567871094,183.2727813720703,138.95269775390622,-6.013763427734375,2.8990020751953125,6.6760440079992165,99.55555725097656,132.29530334472656,88.82614135742188,135.03195190429688,-10.729415893554688,2.7366485595703125,11.072922412600127,138.19883728027344,93.95973205566406,129.51483154296878,95.49359893798828,-8.684005737304688,1.5338668823242188,8.818429750144396,138.19883728027344,114.25503540039062,129.47195434570312,112.74567413330078,-8.726882934570312,-1.5093612670898438,8.856447210269229,worst,vit_b16,ViT-B/16,vicreg,0,1,3,geometry-fixedcompute-vit-b16-1m-vicreg-random-50ksteps,/home/georgie/Desktop/representation-jepa/landmark_probe/data/periorbital_224_v2/cfd/images/102_cfd_r.jpg
393_cfd_r,9.020272254943848,117.24517822265624,136.05926513671878,125.55040740966795,139.86112976074222,8.305229187011719,3.8018646240234375,9.134057503004467,117.24517822265624,107.65731811523438,125.3893814086914,112.1468734741211,8.144203186035156,4.489555358886719,9.2996856321025,117.24517822265624,164.46119689941406,125.4024429321289,166.93353271484375,8.157264709472656,2.4723358154296875,8.523697080766327,117.24517822265624,122.78518676757812,125.40090942382812,124.2515869140625,8.155731201171875,1.466400146484375,8.286511981248674,117.24517822265624,162.60740661621094,125.57770538330078,160.14730834960938,8.332527160644531,-2.4600982666015625,8.68810061890485,174.0165252685547,162.60740661621094,177.4171142578125,153.49472045898438,3.4005889892578125,-9.112686157226562,9.72651296580486,77.75206756591797,149.3333282470703,86.27423858642578,144.46392822265625,8.522171020507812,-4.869400024414063,9.815215509633338,117.24517822265624,113.65925598144531,125.33658599853516,108.2457046508789,8.091407775878906,-5.413551330566406,9.735369423100027,117.24517822265624,121.95555877685548,125.21692657470705,122.11298370361328,7.971748352050781,0.1574249267578125,7.973302602810772,worst,vit_b16,ViT-B/16,infonce,1,1,4,geometry-fixedcompute-vit-b16-1m-infonce-random-50ksteps,/home/georgie/Desktop/representation-jepa/landmark_probe/data/periorbital_224_v2/cfd/images/393_cfd_r.jpg
396_cfd_r,10.457174301147461,112.32653045654295,140.47457885742188,121.77776336669922,147.2435302734375,9.45123291015625,6.768951416015625,11.625166957700028,112.32653045654295,111.52542114257812,121.7361068725586,117.5163803100586,9.409576416015623,5.990959167480469,11.1548966859965,112.32653045654295,169.42372131347656,121.7290496826172,177.15966796875,9.40251922607422,7.735946655273437,12.17588758366024,112.32653045654295,125.28813934326172,121.8202896118164,131.49339294433594,9.493759155273438,6.205253601074219,11.341809165736425,112.32653045654295,165.1525421142578,121.46037292480469,167.69021606445312,9.13384246826172,2.5376739501953125,9.479813674989671,168.4897918701172,152.8135528564453,175.01370239257812,158.0339813232422,6.5239105224609375,5.220428466796875,8.35549411357699,76.40816497802734,165.1525421142578,79.79191589355469,155.8175811767578,3.383750915527344,-9.3349609375,9.929313468864956,112.32653045654295,108.2033920288086,122.07820892333984,107.44886016845705,9.751678466796877,-0.7545318603515625,9.780825693573904,112.32653045654295,124.33898162841795,121.68667602539062,128.5684814453125,9.360145568847656,4.229499816894531,10.271367667994816,worst,vit_b16,ViT-B/16,lejepa,2,1,5,geometry-fixedcompute-vit-b16-1m-lejepa-random-50ksteps,/home/georgie/Desktop/representation-jepa/landmark_probe/data/periorbital_224_v2/cfd/images/396_cfd_r.jpg
